obs0, obs1, obs2, obs3, obs4, obs5, obs6, obs7, obs8, obs9, obs10, obs11, obs12, obs13, obs14, obs15, obs16, obs17, obs18, obs19, obs20, obs21, obs22, obs23, obs24, obs25, obs26, obs27, obs28, obs29, obs30, obs31, obs32, obs33, obs34, obs35, obs36, obs37, obs38, obs39, obs40, obs41, obs42, obs43, obs44, obs45, obs46, obs47, obs48, obs49, y
-0.8833764601474224, 0.06482300778044994, 0.09449863144792771, 0.025905537561414182, 0.04239950613686022, 0.0024990124165550744, 0.007271147981849353, 0.006117848255588633, 0.04034282972547337, 0.007749352776846256, 0.01607901259164957, -0.024638509298973106, -0.0038279342668452094, 0.026250627015781174, 0.015601209856850222, 0.015242885334491118, 0.016680993793237377, 0.027220199187429128, 0.045137683826580184, 0.015915819152511095, 5.791588000212819E-4, -0.04688981738746916, -0.04154666030778322, -0.01650119687560794, 0.021237700955581553, 0.012512529011556568, 0.03170415494532006, 0.010939228363627984, -0.029028623023058434, 0.01836624557518776, 0.013965604969748817, 0.029156072331274117, 0.052914493953170355, 0.028301127404598052, 0.03205093657096819, -0.0010554415581698036, 0.0013687092956849232, -0.031952692353658795, -0.025004042812338024, -0.050599015161346454, -0.06648000934692629, 0.0016472947489840713, -0.03942295421923341, -0.005744607447553957, -0.08498875192121616, -0.0670179835057502, -0.05728243855031784, -0.09108582306216044, -0.07449572132018337, -0.05869255352308823, 0.030980994280407667
0.06482300778044997, -0.9162466922533851, 0.0783496359322254, 0.030815569382686536, 0.029202238260397268, 0.03512275507181353, 0.027473991079069227, 0.029114227489978606, 0.03796035444172828, 0.01357384968075925, 0.022915976031405064, 0.005149476488493014, 0.01949832124761424, 0.02237326035195435, 0.022342500158360378, 0.0231784815800331, 0.011013903968050081, 0.03861442932453427, 0.038079756405877345, 0.02041642532706611, 0.010630972845333523, -0.016034851638310282, -0.0207538317898384, -0.013217977054484593, 0.0014545844296482591, 0.001794784565233743, 0.010091768200869614, -5.461562277299678E-4, -0.038023545154512145, -9.36148959130683E-4, -0.00967190928884758, -0.0013439570531000756, 0.020065602911824094, -0.001054576875022521, 0.003632359760314119, -0.020295708275755848, -0.015381243725367262, -0.030484638982482715, -0.02672644622196254, -0.037795359516627804, -0.05333441643571836, -0.02613181777300257, -0.04578525039785415, -0.028286550788464624, -0.05330480631480574, -0.054227254090721815, -0.053556945338422375, -0.06996487287324762, -0.05290114253304871, -0.006834807475758056, -0.07308741582806424
0.09449863144792771, 0.0783496359322254, -0.8219648342086213, -0.011279172623237048, -0.02066235166187276, 0.013278517338497428, -0.01404130357539563, -0.022283788984148584, 0.027624426715098085, -0.009237357809188263, 0.023858898628704547, -0.03203651789171182, -8.635631293777512E-4, 0.01981961476702148, 0.019420183290098935, 0.045558730440569586, 0.0030878383086205626, 0.08846085413024325, 0.08564299371249436, 0.0320574213439709, 0.015578058805427281, -0.027476182156226363, -0.04272044853098987, -0.0035046481241685495, 0.06780102263500777, 0.052066824392055684, 0.04731542189723463, 0.008307688430124657, -0.06379496846022116, 0.029719383854317393, 0.007447310639222524, 0.011462354424239558, 0.0591499283495851, 0.03513103469602936, -0.007701625884839064, -0.02233345311412854, -0.052645246366303626, -6.167416609111484E-4, -0.0012704281011114143, -0.02246660007917786, -0.0792810095522561, -0.04729624191211784, -0.08098438120231034, -0.07729222599268669, -0.08420350146898833, -0.06323400041098504, -0.048463957618401665, -0.1202112479153181, -0.09112797814418308, 0.028204328078277507, 0.08913756558771163
0.02590553756141418, 0.030815569382686536, -0.011279172623237075, -0.8939900150010249, 0.09066476411234417, 0.0605220251929082, 0.07931234309475572, 0.08388476134336044, 0.05947356147095685, 0.03445009373542163, 0.01470390158812176, 0.04260713655290807, 0.02603056824390252, 0.019432556906635052, 0.017396346342481644, 0.0012084010055112332, 0.02917382701154384, -0.024590350027947523, -0.018948395843701938, 0.009993541153957395, 0.018127584603044034, -0.005985763025192828, 0.0051359075137509345, -0.014521758930083131, -0.05207160363228159, -0.04436093914919888, -0.038471052674916975, -0.017597748691051154, 0.023082830318863858, -0.029054719183614314, -0.01517287392912409, -0.015510706023315314, -0.042528034073315804, -0.030218846719560877, -0.003842441717529063, 0.0012840117597788198, 0.01968214883799697, -0.06116841347551035, -0.059791873441601404, -0.05079646332036087, -0.017306905898334137, -0.02598757223124875, -0.011492490650827861, -0.008921242723558483, -0.018269537219152122, -0.027120812540915636, -0.034162944672830264, 0.004739060392282381, -0.011835726185033977, -0.08778074884204108, -0.05321301205464785
0.04239950613686022, 0.0292022382603973, -0.02066235166187276, 0.09066476411234417, -0.8535776166097282, 0.03477788699427977, 0.07350830911413028, 0.07693775395167293, 0.06720810679401483, 0.0351560350170561, 0.006076614860909299, 0.02381313112569924, 0.005930935538081378, 0.02309599560115956, 0.009935659001146497, -0.013628798863856791, 0.0393232959569891, -0.05400278070658427, -0.028178804426115263, 0.002090475894693084, 0.00879722987502826, -0.03407311069053136, -0.008488315181909505, -0.019216100453129853, -0.04985672240028281, -0.04809598558163974, -0.03011588205617982, -0.010225757551003646, 0.046903826290323, -0.018365312662204192, 0.00581164716490952, 0.0112689706388825, -0.025673616551579067, -0.010155668910104266, 0.02486963002251097, 0.025198054334739733, 0.04768594321904511, -0.07196969883428175, -0.06730726392209727, -0.06804646122279677, -0.020763946238594556, 0.004663181729783792, 0.005580795209116115, 0.023288716009655153, -0.04017272553491742, -0.033868427021046366, -0.03480074360270817, 0.003394974845343248, -0.021498869599105574, -0.15999139173838473, 0.11410057330519151
0.0024990124165550657, 0.03512275507181355, 0.013278517338497428, 0.060522025192908196, 0.03477788699427979, -0.8759507333900306, 0.08378340116236001, 0.08758082153722298, 0.04710313195494675, 0.029445138858345824, 0.02765046786765858, 0.06716468900641497, 0.053146066269369206, 0.012271986470029079, 0.027763274840591542, 0.02871530089285916, 0.013137166525527173, 0.028604335045631438, 0.001921374442981375, 0.024755896807928793, 0.035881780953196836, 0.03733747473294133, 0.02429447672749544, -0.0041274797158026965, -0.04329085189540778, -0.02983683840387761, -0.04788720493530303, -0.029377424586250235, -0.013927325035197806, -0.04112002257768576, -0.04456521412689917, -0.056935678181179394, -0.0672504384776678, -0.055853745310620505, -0.054857281789100584, -0.03460651350226816, -0.03167686631987268, -0.039193449257089584, -0.044859552906204796, -0.020201942155715004, -0.014226619669373561, -0.08200989295005497, -0.04468896529979908, -0.07314529600186966, 0.012886042953657013, -0.014842149437098683, -0.028552480180895404, 0.002832242678826934, -0.0017795289745574261, 0.02713555401589948, -0.03766567508898745
0.007271147981849362, 0.0274739910790692, -0.014041303575395623, 0.07931234309475572, 0.07350830911413028, 0.08378340116236001, -0.8846418804109237, 0.0937102478027844, 0.05844469500404096, 0.03437845559154448, 0.018573566431468933, 0.05983381866899293, 0.037586192221892446, 0.014400795577487052, 0.020305977392186498, 0.011975971953066161, 0.025693149097192645, -0.00935017305906978, -0.018119032441125834, 0.016153529661932734, 0.030396650852431654, 0.016539487346883736, 0.01886708824123881, -0.00787664838160902, -0.052333020926679734, -0.0425216756108295, -0.05188269034388889, -0.02734167639946938, 0.01994550558638054, -0.0382868971871196, -0.0281577567947352, -0.03819343375880398, -0.06781574673029506, -0.045420746111784094, -0.033847503176929646, -0.00972321506696482, -0.001504185599457959, -0.05454976625863906, -0.05832999323568509, -0.0369190935123465, -0.008959855072609376, -0.057893380049791575, -0.023528770289304148, -0.04403191953228903, 0.0026692474348911054, -0.013817319926595541, -0.023924316407120897, 0.018645287377174143, -7.989917994874956E-4, -0.050810541336687165, 0.17624288610233296
0.006117848255588626, 0.029114227489978592, -0.022283788984148557, 0.08388476134336044, 0.07693775395167293, 0.08758082153722299, 0.0937102478027844, -0.8700373753613593, 0.05217089132766417, 0.04205310665509043, 0.024314300552502534, 0.07018334609194435, 0.05459473445200907, 0.01934046036408674, 0.027533149058225716, 0.00601622571015217, 0.01944871886598737, -0.011421995703520614, -0.023215839572591344, 0.012263007503820752, 0.019463743387166298, 0.02150964999542934, 0.022070761954496258, -0.017030452461262596, -0.08046882000179696, -0.05925779770235376, -0.05318875434854106, -0.023445075227555484, -0.001735404306355436, -0.04887247074825118, -0.04256357433974854, -0.04131616133421248, -0.06022147142449851, -0.06131081680770209, -0.0166847540628412, -0.02531051561716577, 0.009529659585101435, -0.06167278079104845, -0.058972068758843185, -0.04242587438901717, -0.009839010152826712, -0.03637755262848524, -0.013775264733423857, -0.008211996904140196, 0.008345663059430264, -0.025531684502773613, -0.0446747311517057, 0.01288607027347062, 0.007546230265371098, -0.021922021788270372, -0.0975917117255352
0.04034282972547337, 0.037960354441728274, 0.027624426715098092, 0.05947356147095685, 0.06720810679401486, 0.047103131954946725, 0.05844469500404095, 0.05217089132766417, -0.9149728038839754, 0.018436800264873612, 0.010284430060164728, 0.01753776829137826, 0.0030028184847689953, 0.014534208745227447, 0.010151808395644486, 0.015199432234460096, 0.03099161278210375, -0.002164605014129168, 0.005554189505221462, 0.017889845780224848, 0.02861971382688155, -0.015865455726763098, -0.007457144314054709, -0.003197070672501256, -7.547995655051818E-4, -0.009284409066981929, -0.020889808207721995, -0.016561027513404474, 0.029772116318046604, -0.0069263697109468066, 0.004409567781790894, -0.006539725487594788, -0.030884810168718812, -0.0011622088522838156, -0.021396806377921428, 0.01352866040779972, -0.004380219456714579, -0.042849069470874815, -0.0484145004869185, -0.04032656198331783, -0.02806663064267026, -0.05121451916214649, -0.03400961837042046, -0.05757326541657963, -0.0370010863400732, -0.022020891658310764, -0.015549402188921787, -0.01270849822857552, -0.0354661811570883, -0.0977561555092792, 0.10356663137370095
0.007749352776846254, 0.013573849680759247, -0.009237357809188218, 0.034450093735421614, 0.0351560350170561, 0.02944513885834583, 0.03437845559154448, 0.04205310665509043, 0.018436800264873633, -0.9561689068973537, 0.010775574771316363, 0.026163209299095793, 0.024370392548589283, 0.010790859128431368, 0.012760854378883666, -0.0021080587145116533, 0.0061547226624003954, -0.008095147355059652, -0.01010870051914304, 0.0020938400236694675, 5.538887681917669E-4, 0.0040729318047409944, 0.005723119909197205, -0.011674129942660776, -0.04059771235545251, -0.028933242133491847, -0.01708799586081368, -0.0050525479017328005, -0.00851427066195705, -0.02008138205283071, -0.018328163594834357, -0.011188977803454332, -0.013379206537139646, -0.025246570655330203, 0.0074241230702793435, -0.01292576202774214, 0.012561924465192074, -0.0281485484047815, -0.02341923338967139, -0.022213386951292484, -0.007134131719681892, 0.0014554970444373356, 4.3204504377240263E-4, 0.018071465536929156, -9.77120477256428E-4, -0.018259613628673205, -0.02802297626423393, -0.0020100153235781295, 0.0021468903155985384, -0.007033686690680559, -0.18212314538927288
0.016079012591649566, 0.022915976031405036, 0.02385889862870452, 0.014703901588121761, 0.006076614860909361, 0.02765046786765855, 0.018573566431468933, 0.024314300552502527, 0.0102844300601647, 0.010775574771316335, -0.9602309107208412, 0.017493581862390813, 0.025091781810691695, 0.00996341384144513, 0.015287338624781084, 0.010074447126971477, -0.0015736158135056556, 0.02092623452197012, 0.01182317009678427, 0.008278585399347449, 0.002399445731816766, 0.007741905065859584, 5.275814842340709E-4, -0.008515653260836168, -0.01932709823303807, -0.010223911489796386, -0.003350972555824833, -0.0021362832679261527, -0.03157165970333731, -0.012189039073855929, -0.020039167862459656, -0.013446956497152851, 0.0011910524836254185, -0.018756755968266443, -7.423291869386284E-4, -0.024084135967317313, -0.008310387626467257, -0.014052787346585922, -0.010472066150364407, -0.012362024759999464, -0.017788405022479806, -0.010413633427675482, -0.016980099722756138, -0.0027453692367309635, -0.0072655741202906545, -0.023393756546604978, -0.030900678571277613, -0.025084246945508776, -0.009895180109218034, 0.034668743431354496, -0.08375555603602483
-0.024638509298973106, 0.0051494764884930004, -0.03203651789171184, 0.04260713655290808, 0.023813131125699296, 0.067164689006415, 0.05983381866899293, 0.07018334609194436, 0.01753776829137829, 0.026163209299095786, 0.017493581862390754, -0.9142189604781037, 0.04955525942473658, 0.005901830971998142, 0.019454108148458205, 0.005906554093460072, 0.0013790080409969328, 0.0010234107122638987, -0.021028054727459944, 0.006800096682959419, 0.013078093110119733, 0.038805996068747184, 0.030284806080217955, -0.007382664035779831, -0.06378498717957186, -0.04240847680846478, -0.044068056130982164, -0.0192160609170449, -0.013265393692863212, -0.04254712581913302, -0.043997709247615, -0.04591227250144035, -0.05444478692083433, -0.05861507494179971, -0.026115937438834683, -0.03196614056731382, -0.004914040060908895, -0.02780061708317222, -0.02727599783091302, -0.00825166560619223, 0.009792254853746898, -0.03124490510904755, -0.0053742879348310174, -0.008710511794823392, 0.03612494897608042, -0.0014386924200187395, -0.021114476155066588, 0.026523384879607155, 0.028122004712061506, 0.04392133412824281, -0.09045159044972567
-0.003827934266845217, 0.019498321247614237, -8.635631293777579E-4, 0.02603056824390251, 0.00593093553808136, 0.053146066269369234, 0.03758619222189243, 0.05459473445200908, 0.003002818484769024, 0.0243703925485893, 0.02509178181069168, 0.04955525942473659, -0.916164554802536, 0.013120593226060318, 0.027308334892152696, 0.006626803375602505, -0.010999657248490249, 0.02143935924144345, -0.001809081248865378, 0.005864868576819267, -0.0036454355032554675, 0.032564902001273245, 0.018280622543974535, -0.017126535478459968, -0.0667908393580596, -0.038720303369680666, -0.020832939994891938, -0.005615976341609262, -0.05801742201010473, -0.03765330562205394, -0.05107293142962999, -0.03619527605588649, -0.013694661323680095, -0.056396138613178076, 0.0014381774100361657, -0.05214815626159809, -0.003511100029494066, -0.023254923891019665, -0.01430282077898671, -0.011812680553513174, -0.008669712359121234, -0.002382489414632949, -0.007470145743351507, 0.026028069599325077, 0.020422396489987373, -0.027470116181440372, -0.05125497853990856, -0.014369374252924371, 0.015181230930250868, 0.09383795095212841, 0.06908865040979285
0.02625062701578118, 0.022373260351954357, 0.01981961476702148, 0.019432556906635035, 0.023095995601159568, 0.012271986470029044, 0.014400795577487052, 0.01934046036408674, 0.01453420874522747, 0.010790859128431368, 0.00996341384144515, 0.0059018309719981454, 0.013120593226060349, -0.9630733426447489, 0.010941904010939195, 0.0018433330792820277, 0.004128629334402917, 0.004787490795466596, 0.0073567652015330935, 0.0038835993664309014, -0.0030084638412344296, -0.008785705464557538, -0.007807872704735396, -0.011120084063094426, -0.01693068063988623, -0.011523922852515777, 0.0022345487793226744, 0.0023545229044443627, -0.018380357420604985, -0.005442074768115498, -0.007598619662833222, 0.002360242708009559, 0.011820893111525434, -0.006486295212592022, 0.015857808151418754, -0.01032633941030708, 0.007321777209217694, -0.01979686103116092, -0.014345454581087113, -0.022132558534990365, -0.020317877999720225, 0.007151300095834106, -0.007674223849643508, 0.015279422335349051, -0.020575216430638005, -0.027580517443500794, -0.031320035528874746, -0.026899532765150246, -0.016210785256266274, -0.00643429226612019, 0.14034046355992605
0.015601209856850236, 0.022342500158360392, 0.01942018329009895, 0.01739634634248163, 0.009935659001146476, 0.027763274840591542, 0.020305977392186505, 0.027533149058225723, 0.0101518083956445, 0.012760854378883694, 0.015287338624781098, 0.01945410814845821, 0.02730833489215271, 0.010941904010939201, -0.95908603896347, 0.007664740176916101, -0.0016753174539002637, 0.01733428764725934, 0.008863932554027362, 0.006903348365591484, 2.0093244641037898E-4, 0.007518234391550794, 0.001148043225484934, -0.01041417850413869, -0.025724115184965132, -0.014679489428289746, -0.004528434723805022, -0.0015547033813325545, -0.03254413068386737, -0.01433136407974517, -0.021719689803526787, -0.013074227556953887, 0.0016263301957627886, -0.02140899315089209, 0.003524931828828466, -0.02507262453794182, -0.003979599493777542, -0.016713649753645227, -0.011883063386397753, -0.014559596552542216, -0.01710828424375933, -0.0050622992535535065, -0.013439628625474776, 0.00576751194474439, -0.006358662952091719, -0.02505513147726673, -0.034084312460900386, -0.024086677180225127, -0.007738840467992581, 0.03397543781119379, 0.17018110687220345
0.015242885334491118, 0.023178481580033106, 0.045558730440569586, 0.0012084010055112473, -0.013628798863856805, 0.028715300892859147, 0.011975971953066145, 0.006016225710152163, 0.015199432234460096, -0.0021080587145116533, 0.010074447126971494, 0.005906554093460073, 0.006626803375602512, 0.001843333079282, 0.007664740176916101, -0.9499506124127078, 0.0027570248429533047, 0.03830861679964261, 0.026487271484077715, 0.017275183093386885, 0.02069885247763716, 0.009030690725377004, -0.0015659436656142798, 0.006349666275764957, 0.02460589647824568, 0.018639590871098528, -5.719954318701027E-4, -0.008910642525711882, -0.012640666722478884, 0.001701087977853128, -0.0057026198630959705, -0.016667499023164504, -0.010630495656032168, -2.0173341516280043E-4, -0.03440882253118617, -0.011029530595179535, -0.03607291986618849, 0.0020827287297030777, -0.004601503249440986, 0.0022319500392218553, -0.01807989622210525, -0.051576794297659316, -0.03924597079627062, -0.06652732379578352, -0.010898189859062423, -0.00628118304094625, -0.002160720431527324, -0.0219134973682852, -0.0218543475695435, 0.022697224797165804, -0.11771769866011765
0.016680993793237377, 0.011013903968050087, 0.0030878383086205634, 0.02917382701154384, 0.0393232959569891, 0.013137166525527162, 0.02569314909719265, 0.019448718865987365, 0.030991612782103786, 0.00615472266240038, -0.0015736158135056509, 0.0013790080409969401, -0.010999657248490259, 0.004128629334402916, -0.001675317453900236, 0.00275702484295336, -0.9555194922843592, -0.013889469503647327, -0.0037045685915667505, 0.005824144997147385, 0.014825650577336836, -0.014622589359138106, -0.005177965826189503, 0.0016125161529186695, 0.007610923224817217, -0.0017466319998858829, -0.010647595745612061, -0.00828771484648361, 0.03414253954976755, 0.0018767041846851353, 0.013082130554252589, 0.004109012609375366, -0.018023687880372365, 0.008856817535509477, -0.009927600806844504, 0.020802689971927482, 0.003893788181591711, -0.019677106256880066, -0.0242844499615186, -0.019203383763034845, -0.007882396492681333, -0.022500780388996743, -0.010133200033267243, -0.02920475710008022, -0.019195141002450105, -0.002261090722868958, 0.00519791103986477, 0.005015891172724491, -0.016099050684921682, -0.07873602149711321, -0.060266077006800756
0.027220199187429125, 0.03861442932453427, 0.08846085413024325, -0.024590350027947516, -0.05400278070658427, 0.028604335045631438, -0.009350173059069787, -0.01142199570352061, -0.0021646050141291644, -0.008095147355059673, 0.02092623452197012, 0.001023410712263888, 0.02143935924144345, 0.004787490795466596, 0.017334287647259375, 0.038308616799642606, -0.013889469503647325, -0.8953944168111811, 0.05515539682518202, 0.0232007109391663, 0.014177245834364794, 0.018094401935342445, -0.0070409616563733655, 0.003393338932292799, 0.03334123034382032, 0.03287015679481759, 0.01926441822481325, -0.0011013756779516297, -0.06498700847787063, 0.005036706499250446, -0.01982268033740518, -0.022091025605731313, 0.018061423790737326, -0.0031957310547387086, -0.031819125266194105, -0.04033362858800132, -0.05778655255798826, 0.017197709773893927, 0.014247918350191797, 0.012143164280248742, -0.034974218797875135, -0.05091037502681451, -0.05704056134537563, -0.06742546645338947, -0.01614546895222624, -0.023935445733426187, -0.023798768097155233, -0.061577807328049856, -0.03329863018473304, 0.10813805507054791, -0.11825355772286375
0.04513768382658017, 0.038079756405877345, 0.08564299371249436, -0.018948395843701952, -0.02817880442611529, 0.0019213744429813716, -0.018119032441125844, -0.023215839572591337, 0.005554189505221484, -0.01010870051914304, 0.01182317009678425, -0.021028054727459927, -0.0018090812488653714, 0.007356765201533087, 0.00886393255402736, 0.026487271484077715, -0.003704568591566764, 0.055155396825181995, -0.9249401875672701, 0.016997976163056174, 0.007273924286901707, -0.010338777096624802, -0.022027675128529663, 9.635231786794093E-4, 0.04419748654116407, 0.03519207637733168, 0.02990085015134735, 0.005928081885286984, -0.04044973078878693, 0.0189348787056749, 0.0036542963659460382, 0.004888948775441913, 0.035567318178337776, 0.02087441580569417, -0.007740084062692494, -0.015114209102175617, -0.03511675359402033, 0.009913390353058058, 0.008808536462589832, -0.0025204953688244447, -0.03984038817015164, -0.02629704086437952, -0.0445072509090433, -0.04537485061401156, -0.040033506753107656, -0.029151927015590308, -0.020826802523864357, -0.06523974621803748, -0.04635634873433156, 0.03671734027485659, -0.06774167532695513
0.015915819152511092, 0.02041642532706612, 0.03205742134397091, 0.009993541153957388, 0.002090475894693084, 0.0247558968079288, 0.016153529661932713, 0.012263007503820748, 0.01788984578022485, 0.0020938400236694675, 0.008278585399347435, 0.006800096682959435, 0.005864868576819248, 0.003883599366430898, 0.006903348365591485, 0.01727518309338687, 0.005824144997147379, 0.023200710939166286, 0.016997976163056153, -0.9621602643611434, 0.01592766860484604, 0.00321314270311786, -0.0021479977735299007, 0.002516518605413659, 0.01281021717849375, 0.008784467985219677, -0.003211466154022848, -0.007440201871392373, -0.005461146011573107, -6.775743671013696E-4, -0.003916083939042596, -0.011148703631687818, -0.009894100193032582, -0.0013544009241580931, -0.022461271592009533, -0.0060823555496158565, -0.02178719772196823, -0.005828073792575302, -0.010129368136754965, -0.005402822212970751, -0.0158099999936217, -0.037212839858097924, -0.028505686346081947, -0.046168952778402, -0.012336473159464102, -0.008611995072872209, -0.005810431720437404, -0.016547102649822225, -0.018503777182863675, 0.001547281361585825, -0.028872884823944227
5.791588000212853E-4, 0.010630972845333523, 0.015578058805427277, 0.01812758460304402, 0.00879722987502826, 0.03588178095319682, 0.030396650852431654, 0.01946374338716629, 0.028619713826881565, 5.538887681917409E-4, 0.002399445731816752, 0.013078093110119711, -0.0036454355032554744, -0.003008463841234387, 2.0093244641035122E-4, 0.020698852477637187, 0.01482565057733682, 0.014177245834364808, 0.0072739242869017205, 0.015927668604846068, -0.9433278574289603, 0.009121435716785356, 0.006342842519718469, 0.01263987446502081, 0.02414703090042951, 0.012562584658335077, -0.019070852342215044, -0.0186302102697521, 0.028384473925526923, -0.0016019413181408246, 0.0030432567354189825, -0.019809626678385105, -0.041370266387615214, 1.236515404758321E-4, -0.0500300916556374, 0.009524860636635785, -0.029989999615608675, -0.0050232355848757885, -0.017491394003116417, 9.795135910202989E-4, -0.002949632904634707, -0.06737476986908707, -0.03260506750301527, -0.08528621338981118, -0.001228423148283954, 0.01334398354303653, 0.021176525274636822, 0.012454937518584131, -0.01165443559470816, -0.03211032409532824, 0.13355932041299096
-0.04688981738746917, -0.01603485163831029, -0.027476182156226363, -0.00598576302519281, -0.03407311069053136, 0.03733747473294131, 0.01653948734688372, 0.02150964999542936, -0.015865455726763095, 0.004072931804741001, 0.007741905065859584, 0.038805996068747184, 0.032564902001273245, -0.00878570546455751, 0.007518234391550794, 0.009030690725377004, -0.0146225893591381, 0.01809440193534239, -0.010338777096624816, 0.0032131427031178396, 0.009121435716785411, -0.9273092838199612, 0.03129290666697478, 0.005837433568793251, -0.02668487732155432, -0.012315229600552995, -0.026413499532210047, -0.013242461800304757, -0.019237031408100878, -0.025835524320527537, -0.03466017620758652, -0.042750970427215235, -0.0408916701382334, -0.04142721739189667, -0.03761820313638599, -0.030485894864067824, -0.02449859341200826, 0.01167866360622504, 0.007938121553635767, 0.027340184172982472, 0.024387176165217003, -0.030875994530346198, -0.003231128822065801, -0.022829600886713645, 0.052969488825892856, 0.023217054220267232, 0.009176420001731732, 0.03247287255004985, 0.037753087013552615, 0.09561327500928947, -0.015047128074074836
-0.04154666030778322, -0.02075383178983839, -0.04272044853098988, 0.00513590751375091, -0.008488315181909532, 0.02429447672749544, 0.01886708824123881, 0.022070761954496254, -0.007457144314054681, 0.005723119909197198, 5.275814842340548E-4, 0.030284806080217944, 0.018280622543974535, -0.007807872704735393, 0.001148043225484934, -0.0015659436656142798, -0.005177965826189495, -0.007040961656373369, -0.022027675128529663, -0.0021479977735299025, 0.006342842519718476, 0.03129290666697478, -0.9494386638704356, 0.004455103391067003, -0.02700828302945831, -0.017313855483530413, -0.02713328629518132, -0.01158599881497308, 0.006438431110354494, -0.021003949424383474, -0.020172443009544166, -0.027819231577623806, -0.03978166979530056, -0.030148429806033748, -0.024256437353757626, -0.010691291064137506, -0.005249416980955295, 0.002643624402690774, -5.479517793048133E-4, 0.016315546397213065, 0.02689642718293832, -0.01617175430424136, 0.00956450143814788, -0.007327901315467117, 0.043097010825314995, 0.024546199416901112, 0.014820393700924969, 0.04187404167363318, 0.03552709009847803, 0.03708617995754788, 0.0020383067674360177
-0.016501196875607926, -0.013217977054484586, -0.003504648124168561, -0.014521758930083152, -0.019216100453129825, -0.004127479715802707, -0.00787664838160904, -0.017030452461262596, -0.003197070672501215, -0.011674129942660776, -0.008515653260836175, -0.007382664035779821, -0.017126535478459975, -0.011120084063094428, -0.010414178504138704, 0.006349666275764971, 0.001612516152918669, 0.0033933389322928008, 9.635231786794431E-4, 0.0025165186054136525, 0.012639874465020797, 0.005837433568793251, 0.004455103391067004, -0.960889611895028, 0.030746780601229824, 0.019669484794255877, -0.0026883169397306757, -0.006239968800617238, 0.02454849637179475, 0.009067821472114858, 0.011954050918159587, -0.0039236409977149965, -0.01699866019563787, 0.012279087910883479, -0.028119392959709468, 0.01439771445558217, -0.017509171270363787, 0.017526281278131123, 0.008609871694986943, 0.018969984640136526, 0.012644836011803608, -0.0274838436150913, -0.006678274043147476, -0.04354727380665487, 0.010708881440470674, 0.025901557837555215, 0.03409847079893581, 0.020586466247571378, 0.004059701920828201, -0.00918540480896084, -0.039142642852479495
0.021237700955581553, 0.00145458442964828, 0.06780102263500777, -0.05207160363228156, -0.04985672240028281, -0.04329085189540781, -0.052333020926679685, -0.08046882000179696, -7.547995655052026E-4, -0.040597712355452495, -0.019327098233038045, -0.06378498717957189, -0.06679083935805961, -0.016930680639886234, -0.02572411518496513, 0.024605896478245688, 0.007610923224817228, 0.033341230343820284, 0.04419748654116409, 0.01281021717849372, 0.02414703090042951, -0.026684877321554334, -0.027008283029458284, 0.030746780601229796, -0.8511013143179913, 0.08192666667509223, 0.037233265848539795, 0.0015964298432567029, 0.0402325643854742, 0.05509502867663064, 0.05623402267313367, 0.026938910861028054, 0.019386958822717737, 0.07488338171288872, -0.04112229925644571, 0.044511123651978034, -0.047239956295560326, 0.04623131832653123, 0.027841343624856893, 0.028939609355946676, -0.011737192795375427, -0.05318951019957335, -0.039510888484669805, -0.10980781179111443, -0.03650157676330044, 0.027263131469254975, 0.062112400321833634, -0.01882907701308572, -0.04560945797638848, -0.053258207242038294, 0.015131160610019675
0.01251252901155655, 0.0017947845652337392, 0.052066824392055684, -0.044360939149198884, -0.04809598558163974, -0.02983683840387761, -0.0425216756108295, -0.05925779770235379, -0.009284409066981915, -0.0289332421334919, -0.010223911489796414, -0.04240847680846476, -0.03872030336968068, -0.01152392285251581, -0.01467948942828974, 0.01863959087109852, -0.0017466319998858794, 0.03287015679481758, 0.03519207637733168, 0.008784467985219677, 0.012562584658335067, -0.012315229600552997, -0.017313855483530406, 0.019669484794255898, 0.08192666667509223, -0.9181674522825042, 0.029559838497739747, 0.0035752900020535544, 0.010424791193792233, 0.03616242910056643, 0.031477472010480345, 0.015016478463370451, 0.02028875730226185, 0.04650377655121224, -0.026089456565545864, 0.019615394796542684, -0.03677340100612369, 0.03702596839684739, 0.026225098171621886, 0.024887396385275498, -0.00917653525570006, -0.032258799458808184, -0.028087980147035365, -0.06876436495437313, -0.020742913330752316, 0.015561521059128275, 0.036295252272373416, -0.02018680811778317, -0.02887246580784124, -0.0034484190425895303, 0.0061824980414755815
0.03170415494532006, 0.01009176820086962, 0.04731542189723465, -0.038471052674916996, -0.03011588205617982, -0.047887204935303025, -0.05188269034388889, -0.053188754348541076, -0.02088980820772198, -0.017087995860813665, -0.0033509725558247836, -0.044068056130982164, -0.020832939994891938, 0.0022345487793226726, -0.00452843472380502, -5.719954318701027E-4, -0.010647595745612082, 0.019264418224813236, 0.029900850151347323, -0.0032114661540229104, -0.019070852342215044, -0.026413499532210033, -0.027133286295181292, -0.0026883169397306584, 0.03723326584853979, 0.029559838497739754, -0.9310209227413002, 0.021206069739388322, -0.029065317022504155, 0.02888240942122895, 0.019446787821018337, 0.03281022254999898, 0.06306957642037976, 0.035878370359975924, 0.033728042984580445, 0.001497879272056384, 4.506104859312561E-4, 0.020509590707713334, 0.026235072124205287, 0.0027361330225020653, -0.021646648125710467, 0.036420025461832845, -0.001971816641782665, 0.026513290207764332, -0.03399264215652553, -0.019962050886026598, -0.011404671405767699, -0.04959039390369281, -0.028264477353007463, 0.01711872306438305, -0.035582174660598966
0.010939228363627984, -5.461562277299748E-4, 0.00830768843012465, -0.017597748691051154, -0.010225757551003673, -0.029377424586250207, -0.027341676399469366, -0.023445075227555474, -0.01656102751340446, -0.005052547901732827, -0.002136283267926139, -0.01921606091704489, -0.005615976341609255, 0.0023545229044443644, -0.001554703381332558, -0.008910642525711882, -0.0082877148464836, -0.0011013756779516297, 0.005928081885286977, -0.007440201871392352, -0.018630210269752093, -0.01324246180030477, -0.011585998814973094, -0.006239968800617231, 0.001596429843256696, 0.0035752900020535683, 0.021206069739388433, -0.9610939178861154, -0.01895429326762479, 0.009774287923370558, 0.005623957309607514, 0.01906098244634747, 0.03624889085940273, 0.011696702173195097, 0.03146887476363517, -0.0022178996864046477, 0.01341072240543683, 0.007031362960506387, 0.013896487466153946, -0.001064797322318367, -0.006128252707352809, 0.038851201608379474, 0.012703529929160575, 0.043072861556716975, -0.011518990359897766, -0.01227961630519474, -0.012489857915890296, -0.020581732553034766, -0.004990526223901234, 0.013529049949051828, -0.05505344853511612
-0.02902862302305844, -0.03802354515451218, -0.06379496846022116, 0.023082830318863833, 0.046903826290322956, -0.013927325035197806, 0.01994550558638052, -0.001735404306355457, 0.029772116318046625, -0.008514270661957054, -0.03157165970333731, -0.013265393692863215, -0.05801742201010473, -0.018380357420604974, -0.03254413068386736, -0.012640666722478884, 0.03414253954976756, -0.06498700847787063, -0.040449730788786935, -0.005461146011573126, 0.028384473925526923, -0.019237031408100878, 0.006438431110354469, 0.02454849637179475, 0.04023256438547419, 0.010424791193792238, -0.029065317022504197, -0.018954293267624784, -0.8489177577836472, 0.015244490105313755, 0.05001955768682198, 0.013909388427745016, -0.061251521769987244, 0.03461084099633446, -0.03757033583395347, 0.07689220384117666, 0.013978154606591879, -0.0024626103042672725, -0.021126338802309512, 0.003749102998230518, 0.037658591688284275, -0.03692657966916542, 0.016972666759761577, -0.06138424698866073, 0.008170399354580717, 0.05960919962474743, 0.08247561293357447, 0.0840383947923142, 0.01203781187202628, -0.1791569800567001, 0.02266433006307024
0.01836624557518775, -9.361489591306735E-4, 0.029719383854317407, -0.029054719183614314, -0.018365312662204165, -0.04112002257768576, -0.0382868971871196, -0.04887247074825118, -0.0069263697109468204, -0.020081382052830717, -0.012189039073855965, -0.04254712581913302, -0.03765330562205395, -0.005442074768115498, -0.014331364079745171, 0.0017010879778531557, 0.0018767041846851353, 0.005036706499250441, 0.018934878705674892, -6.775743671013498E-4, -0.0016019413181408168, -0.025835524320527534, -0.02100394942438346, 0.009067821472114842, 0.05509502867663065, 0.03616242910056645, 0.028882409421228935, 0.009774287923370565, 0.015244490105313755, -0.9434117416911602, 0.033197375488870536, 0.028719452831848596, 0.03089864104099598, 0.043909131452981746, 0.005907274390632182, 0.025198538770263217, -0.005655813466840512, 0.020897518613967804, 0.017226904657194987, 0.007668834429186834, -0.008345735970296874, 0.005328218993544264, -0.005312680793742676, -0.016608120146191327, -0.026951804305076328, 0.004559266326279464, 0.021253449303751542, -0.017774853022622755, -0.024198365905808168, -0.03659441694101575, -0.0466152057292969
0.013965604969748817, -0.009671909288847577, 0.007447310639222524, -0.01517287392912407, 0.0058116471649095405, -0.044565214126899184, -0.0281577567947352, -0.04256357433974854, 0.004409567781790909, -0.01832816359483438, -0.020039167862459663, -0.04399770924761499, -0.05107293142962999, -0.007598619662833222, -0.021719689803526794, -0.005702619863095971, 0.013082130554252589, -0.019822680337405217, 0.0036542963659460573, -0.003916083939042582, 0.003043256735418979, -0.034660176207586525, -0.020172443009544194, 0.01195405091815959, 0.05623402267313368, 0.03147747201048036, 0.01944678782101833, 0.0056239573096075, 0.05001955768682198, 0.03319737548887058, -0.9293253970687952, 0.035095952524969436, 0.015885221117365032, 0.05079559165230831, 0.004201517082426597, 0.046479785631693776, 0.006746524915166155, 0.013083542464189808, 0.006489373647959727, 0.0016229760989228347, 4.7561184960189374E-4, 0.003995417428806537, 0.004082076989579707, -0.01976806402599598, -0.027616347651151726, 0.015577212938322956, 0.03683826094271246, 0.004390929355207837, -0.020774029447171036, -0.09563425545045799, -0.02167830028599131
0.02915607233127413, -0.0013439570531001068, 0.011462354424239558, -0.015510706023315342, 0.011268970638882507, -0.05693567818117938, -0.03819343375880398, -0.04131616133421248, -0.006539725487594788, -0.011188977803454314, -0.013446956497152876, -0.04591227250144036, -0.03619527605588643, 0.002360242708009594, -0.013074227556953859, -0.016667499023164525, 0.004109012609375376, -0.022091025605731313, 0.004888948775441932, -0.011148703631687818, -0.01980962667838509, -0.04275097042721525, -0.027819231577623796, -0.003923640997714983, 0.026938910861028054, 0.015016478463370465, 0.03281022254999897, 0.01906098244634745, 0.01390938842774503, 0.028719452831848624, 0.035095952524969456, -0.9288023114337823, 0.050141387707452946, 0.042916793841713284, 0.04573512519044954, 0.028980800935097976, 0.028616889602646516, 0.00430223406784875, 0.009707122522296104, -0.011899257905277795, -0.010957260610056812, 0.05129812805653068, 0.019000399901585682, 0.045575948111983455, -0.03756217584105157, -0.011844658387261954, 3.426205567642159E-4, -0.022557543431696248, -0.022264010721247625, -0.06681182588379098, -0.04644935603967873
0.052914493953170355, 0.02006560291182412, 0.0591499283495851, -0.042528034073315846, -0.02567361655157908, -0.06725043847766778, -0.06781574673029506, -0.06022147142449851, -0.030884810168718798, -0.013379206537139662, 0.0011910524836254185, -0.05444478692083434, -0.01369466132368011, 0.011820893111525416, 0.0016263301957627782, -0.010630495656032158, -0.018023687880372365, 0.018061423790737333, 0.03556731817833776, -0.009894100193032574, -0.041370266387615214, -0.0408916701382334, -0.039781669795300574, -0.016998660195637855, 0.019386958822717744, 0.020288757302261828, 0.06306957642037975, 0.03624889085940275, -0.06125152176998723, 0.03089864104099598, 0.01588522111736504, 0.050141387707452946, -0.8719159280712774, 0.037310551470139085, 0.0762348395901753, -0.010299661462452717, 0.021183720153961944, 0.014252753525983916, 0.031131159197090832, -0.011095513927920669, -0.03634506436899994, 0.08333416419953289, 0.010475207129136136, 0.08671826334839365, -0.051568330593902714, -0.04783953297882959, -0.044610407585959, -0.08145944632137606, -0.036607579444554665, 0.03436649979776776, -0.06583633512523449
0.028301127404598055, -0.0010545768750225262, 0.03513103469602936, -0.03021884671956089, -0.010155668910104273, -0.05585374531062048, -0.045420746111784094, -0.06131081680770209, -0.0011622088522838213, -0.02524657065533021, -0.018756755968266443, -0.05861507494179971, -0.056396138613178076, -0.006486295212592031, -0.02140899315089209, -2.0173341516280195E-4, 0.008856817535509475, -0.0031957310547386947, 0.020874415805694144, -0.0013544009241580862, 1.2365154047584557E-4, -0.041427217391896684, -0.030148429806033758, 0.012279087910883479, 0.0748833817128887, 0.04650377655121224, 0.035878370359975945, 0.011696702173195088, 0.034610840996334456, 0.04390913145298173, 0.050795591652308326, 0.042916793841713284, 0.03731055147013912, -0.9119307828687169, 0.009093631291264927, 0.043283012844390095, -0.00159783799993498, 0.021881217522330496, 0.01609864308304375, 0.0039751504650084495, -0.011294734962750188, 0.00648241073023928, -0.0052490509999518885, -0.023913979006175926, -0.041596142442768776, 0.006795979760421585, 0.03168619630255125, -0.019122753668630324, -0.03534792383983567, -0.08005303491518022, 0.02553858220334755
0.03205093657096819, 0.003632359760314091, -0.007701625884839068, -0.003842441717529049, 0.024869630022510948, -0.05485728178910061, -0.03384750317692964, -0.0166847540628412, -0.021396806377921455, 0.0074241230702793435, -7.423291869386092E-4, -0.026115937438834683, 0.0014381774100361777, 0.01585780815141874, 0.0035249318288284592, -0.03440882253118617, -0.00992760080684451, -0.031819125266194126, -0.0077400840626925165, -0.022461271592009533, -0.050030091655637425, -0.037618203136385954, -0.02425643735375762, -0.02811939295970944, -0.041122299256445706, -0.02608945656554584, 0.033728042984580424, 0.0314688747636352, -0.03757033583395348, 0.0059072743906321695, 0.004201517082426583, 0.04573512519044955, 0.0762348395901753, 0.009093631291264939, -0.8786802778813798, -0.005362054165454366, 0.06184298215407334, -0.014988852569277254, 0.0076831372090507884, -0.029491504575168987, -0.015620427915811261, 0.11316021116818367, 0.04632197089591496, 0.1430579046477466, -0.03021717277635619, -0.04426098893331182, -0.05301219383355996, -0.04071227673620261, -0.005419570237349926, -0.00826903222520506, -0.04945879142561816
-0.0010554415581698025, -0.020295708275755848, -0.022333453114128547, 0.0012840117597788302, 0.025198054334739733, -0.03460651350226819, -0.009723215066964812, -0.025310515617165776, 0.013528660407799703, -0.012925762027742168, -0.024084135967317285, -0.03196614056731381, -0.05214815626159811, -0.010326339410307049, -0.025072624537941863, -0.011029530595179539, 0.020802689971927486, -0.04033362858800134, -0.015114209102175645, -0.00608235554961588, 0.009524860636635778, -0.03048589486406785, -0.010691291064137536, 0.01439771445558217, 0.04451112365197802, 0.019615394796542656, 0.0014978792720563945, -0.0022178996864046616, 0.07689220384117666, 0.025198538770263245, 0.046479785631693825, 0.028980800935097962, -0.010299661462452717, 0.043283012844390095, -0.0053620541654543705, -0.917985634839429, 0.014521065813717322, 0.004627149174246278, -0.004902536108919064, -3.899039383583349E-4, 0.014129743930775674, -0.004151916153412951, 0.012683154105550293, -0.025059468898355034, -0.014930873301359438, 0.029272764434861917, 0.049865621087239985, 0.03342466519857358, -0.007476255338188368, -0.12851044981432563, 0.01726714550514233
0.0013687092956849267, -0.015381243725367248, -0.052645246366303626, 0.01968214883799699, 0.047685943219045124, -0.03167686631987269, -0.0015041855994579764, 0.009529659585101413, -0.004380219456714586, 0.012561924465192074, -0.008310387626467257, -0.0049140400609089035, -0.0035111000294940652, 0.007321777209217708, -0.003979599493777556, -0.036072919866188505, 0.003893788181591731, -0.05778655255798826, -0.03511675359402033, -0.02178719772196824, -0.029989999615608675, -0.02449859341200826, -0.005249416980955285, -0.017509171270363798, -0.047239956295560326, -0.036773401006123654, 4.5061048593123524E-4, 0.013410722405436802, 0.013978154606591886, -0.0056558134668404985, 0.0067465249151661254, 0.02861688960264651, 0.02118372015396197, -0.0015978379999349935, 0.061842982154073314, 0.014521065813717302, -0.9140489231263307, -0.02273084619413792, -0.00967222526383997, -0.02486261127207636, 0.009825055056653218, 0.0780926414347079, 0.051014676664792, 0.10485055737647324, -0.004424130912476575, -0.011936781142364631, -0.018853209835897534, 0.013669884265809524, 0.016323424727679246, -0.059614304566306356, -0.013103823525494732
-0.03195269235365879, -0.030484638982482708, -6.167416609111416E-4, -0.061168413475510365, -0.07196969883428174, -0.03919344925708957, -0.05454976625863906, -0.061672780791048466, -0.042849069470874815, -0.028148548404781506, -0.014052787346585936, -0.02780061708317224, -0.02325492389101966, -0.019796861031160906, -0.016713649753645254, 0.002082728729703078, -0.019677106256880066, 0.017197709773893937, 0.009913390353058075, -0.005828073792575329, -0.005023235584875795, 0.011678663606225026, 0.0026436244026907673, 0.01752628127813114, 0.046231318326531226, 0.03702596839684738, 0.020509590707713347, 0.007031362960506391, -0.0024626103042672443, 0.020897518613967832, 0.013083542464189836, 0.00430223406784875, 0.01425275352598393, 0.02188121752233052, -0.014988852569277268, 0.004627149174246278, -0.022730846194137906, -0.9248099427179135, 0.04452207209244021, 0.046134492228751364, 0.022018182532942538, 0.0014995201574889226, 0.005911546013713248, -0.016612261480835323, 0.024171655073370688, 0.034835466232912914, 0.04216129001801079, 0.013342862109294137, 0.015394134646700322, 0.06032861816424708, 0.031045544682034486
-0.025004042812338024, -0.026726446221962546, -0.001270428101111449, -0.05979187344160143, -0.06730726392209727, -0.04485955290620478, -0.05832999323568511, -0.058972068758843164, -0.0484145004869185, -0.023419233389671383, -0.010472066150364397, -0.027275997830913033, -0.014302820778986699, -0.01434545458108714, -0.011883063386397719, -0.0046015032494409825, -0.02428444996151858, 0.014247918350191794, 0.008808536462589833, -0.010129368136754958, -0.01749139400311642, 0.007938121553635767, -5.479517793048182E-4, 0.008609871694986953, 0.02784134362485688, 0.026225098171621886, 0.0262350721242053, 0.013896487466153904, -0.021126338802309505, 0.017226904657194987, 0.006489373647959729, 0.009707122522296132, 0.03113115919709086, 0.016098643083043748, 0.007683137209050766, -0.004902536108919063, -0.009672225263839979, 0.04452207209244021, -0.929824094509403, 0.038357228672605354, 0.016867869239344455, 0.027652543455202874, 0.015209613648714131, 0.02034497734114783, 0.02013811099656766, 0.020420778647363656, 0.02226298206372444, 7.371162307997579E-4, 0.016127255092362573, 0.0750226562517522, -0.0580044746620408
-0.050599015161346454, -0.03779535951662781, -0.02246660007917784, -0.05079646332036087, -0.06804646122279677, -0.020201942155715004, -0.0369190935123465, -0.04242587438901717, -0.04032656198331783, -0.022213386951292498, -0.012362024759999467, -0.00825166560619226, -0.011812680553513165, -0.022132558534990337, -0.01455959655254221, 0.0022319500392218553, -0.019203383763034834, 0.012143164280248739, -0.0025204953688244412, -0.005402822212970758, 9.795135910202995E-4, 0.027340184172982472, 0.01631554639721306, 0.018969984640136512, 0.02893960935594669, 0.024887396385275484, 0.002736133022502053, -0.0010647973223183618, 0.0037491029982305024, 0.007668834429186803, 0.0016229760989228347, -0.011899257905277807, -0.01109551392792067, 0.0039751504650084495, -0.02949150457516898, -3.899039383583357E-4, -0.024862611272076375, 0.04613449222875138, 0.03835722867260533, -0.9251892243289208, 0.033914591849535346, -0.011542868459122666, 0.008425520094870055, -0.024369971590753558, 0.04427187453321373, 0.04529929323604331, 0.04737630728131906, 0.03527101977377385, 0.03181856446895636, 0.07036052662713568, 0.02815772445646094
-0.06648000934692627, -0.053334416435718374, -0.0792810095522561, -0.017306905898334154, -0.02076394623859457, -0.014226619669373547, -0.008959855072609369, -0.009839010152826712, -0.028066630642670287, -0.007134131719681924, -0.017788405022479806, 0.009792254853746895, -0.008669712359121225, -0.020317877999720225, -0.017108284243759344, -0.018079896222105242, -0.007882396492681333, -0.03497421879787517, -0.03984038817015164, -0.015809999993621697, -0.0029496329046346994, 0.024387176165217, 0.02689642718293833, 0.012644836011803615, -0.011737192795375473, -0.009176535255700032, -0.021646648125710474, -0.006128252707352816, 0.037658591688284254, -0.008345735970296845, 4.7561184960188117E-4, -0.010957260610056823, -0.036345064368999945, -0.011294734962750195, -0.015620427915811258, 0.014129743930775714, 0.009825055056653193, 0.022018182532942514, 0.016867869239344455, 0.03391459184953534, -0.9228853615169709, 0.009115713883327697, 0.038018147278408104, 0.013541229814152464, 0.0578408013799367, 0.052920403423732026, 0.04924281530971219, 0.07388201053724343, 0.05448149490105833, 0.01014492995386912, -0.029687439036598248
0.0016472947489840678, -0.02613181777300257, -0.04729624191211784, -0.02598757223124877, 0.0046631817297838095, -0.08200989295005495, -0.057893380049791575, -0.03637755262848525, -0.05121451916214651, 0.0014554970444373503, -0.010413633427675482, -0.031244905109047563, -0.0023824894146329424, 0.007151300095834092, -0.005062299253553503, -0.05157679429765932, -0.022500780388996743, -0.050910375026814496, -0.026297040864379513, -0.037212839858097896, -0.06737476986908707, -0.030875994530346212, -0.01617175430424139, -0.027483843615091305, -0.05318951019957338, -0.03225879945880819, 0.036420025461832845, 0.038851201608379446, -0.03692657966916542, 0.005328218993544259, 0.003995417428806532, 0.05129812805653068, 0.08333416419953289, 0.006482410730239287, 0.1131602111681837, -0.004151916153412937, 0.07809264143470794, 0.0014995201574889425, 0.027652543455202894, -0.011542868459122673, 0.009115713883327672, -0.8251351734585636, 0.07818490863198074, 0.18873098354767243, -0.003696822556460206, -0.02600885745772492, -0.03944101925585903, -0.01578358051030176, 0.023911046534064746, 0.018426540613044183, 0.07783927503747809
-0.03942295421923341, -0.04578525039785416, -0.08098438120231037, -0.011492490650827844, 0.005580795209116115, -0.04468896529979907, -0.023528770289304154, -0.013775264733423843, -0.03400961837042047, 4.3204504377240973E-4, -0.016980099722756135, -0.005374287934831027, -0.007470145743351479, -0.007674223849643517, -0.013439628625474776, -0.039245970796270624, -0.010133200033267242, -0.05704056134537563, -0.044507250909043276, -0.028505686346081974, -0.03260506750301527, -0.0032311288220658115, 0.009564501438147877, -0.00667827404314749, -0.039510888484669805, -0.028087980147035365, -0.001971816641782665, 0.012703529929160582, 0.01697266675976156, -0.005312680793742704, 0.004082076989579727, 0.019000399901585675, 0.010475207129136136, -0.005249050999951894, 0.04632197089591497, 0.012683154105550272, 0.05101467666479197, 0.005911546013713262, 0.015209613648714114, 0.008425520094870114, 0.03801814727840809, 0.07818490863198073, -0.9105140748883156, 0.1018322937164832, 0.032407904105789524, 0.020259890732552167, 0.011646033530143506, 0.04505790288884767, 0.04600410635623759, -0.00972185259314776, 0.07257366180650394
-0.005744607447553957, -0.028286550788464624, -0.07729222599268669, -0.008921242723558495, 0.02328871600965518, -0.07314529600186966, -0.044031919532289014, -0.008211996904140187, -0.05757326541657963, 0.018071465536929128, -0.0027453692367309496, -0.008710511794823388, 0.026028069599325077, 0.015279422335349051, 0.005767511944744396, -0.06652732379578354, -0.029204757100080234, -0.06742546645338947, -0.04537485061401156, -0.04616895277840201, -0.08528621338981116, -0.022829600886713607, -0.007327901315467114, -0.04354727380665487, -0.10980781179111446, -0.06876436495437313, 0.026513290207764318, 0.043072861556716975, -0.06138424698866076, -0.016608120146191313, -0.019768064025995975, 0.04557594811198344, 0.08671826334839365, -0.02391397900617596, 0.1430579046477466, -0.02505946889835497, 0.10485055737647322, -0.016612261480835312, 0.020344977341147864, -0.024369971590753586, 0.013541229814152457, 0.18873098354767245, 0.1018322937164832, -0.7200929444166184, 0.010283225939988466, -0.04169260342460141, -0.0712840908543133, -0.01283620426604066, 0.04434941101821984, 0.04809065144840975, -5.132085931387788E-4
-0.0849887519212161, -0.05330480631480574, -0.08420350146898835, -0.018269537219152147, -0.04017272553491744, 0.01288604295365704, 0.0026692474348911054, 0.00834566305943025, -0.03700108634007319, -9.771204772564455E-4, -0.0072655741202906545, 0.03612494897608041, 0.020422396489987386, -0.02057521643063801, -0.006358662952091733, -0.010898189859062437, -0.019195141002450098, -0.016145468952226263, -0.04003350675310764, -0.012336473159464083, -0.0012284231482839524, 0.05296948882589287, 0.04309701082531498, 0.010708881440470667, -0.036501576763300424, -0.02074291333075233, -0.03399264215652551, -0.011518990359897773, 0.008170399354580719, -0.026951804305076335, -0.027616347651151726, -0.03756217584105156, -0.05156833059390273, -0.041596142442768776, -0.030217172776356205, -0.014930873301359435, -0.004424130912476574, 0.024171655073370688, 0.020138110996567666, 0.04427187453321376, 0.057840801379936704, -0.00369682255646022, 0.032407904105789524, 0.010283225939988476, -0.8914983806810782, 0.053585647882326615, 0.03806880666270865, 0.07781454587871801, 0.0718678486291634, 0.0847753145622093, -0.15934657727803586
-0.0670179835057502, -0.054227254090721815, -0.06323400041098501, -0.027120812540915615, -0.033868427021046366, -0.014842149437098669, -0.013817319926595524, -0.025531684502773613, -0.02202089165831075, -0.018259613628673167, -0.023393756546604985, -0.001438692420018739, -0.02747011618144038, -0.027580517443500794, -0.025055131477266717, -0.00628118304094625, -0.002261090722868942, -0.023935445733426187, -0.02915192701559029, -0.008611995072872209, 0.013343983543036512, 0.023217054220267246, 0.024546199416901098, 0.025901557837555208, 0.027263131469255002, 0.015561521059128289, -0.01996205088602662, -0.012279616305194743, 0.05960919962474743, 0.004559266326279476, 0.015577212938322914, -0.011844658387261953, -0.04783953297882962, 0.006795979760421585, -0.04426098893331182, 0.029272764434861917, -0.011936781142364659, 0.03483546623291293, 0.020420778647363635, 0.04529929323604329, 0.05292040342373204, -0.026008857457724913, 0.02025989073255216, -0.04169260342460142, 0.053585647882326615, -0.9061033360395516, 0.07645236674637201, 0.07929219055534513, 0.04391408564613062, -0.010732250123164649, 0.030226488776002855
-0.057282438550317866, -0.05355694533842235, -0.04846395761840163, -0.034162944672830264, -0.034800743602708184, -0.028552480180895432, -0.023924316407120897, -0.0446747311517057, -0.015549402188921787, -0.028022976264233924, -0.030900678571277613, -0.021114476155066588, -0.05125497853990856, -0.03132003552887476, -0.03408431246090038, -0.0021607204315273066, 0.00519791103986477, -0.023798768097155244, -0.020826802523864364, -0.005810431720437397, 0.02117652527463684, 0.00917642000173173, 0.014820393700924969, 0.034098470798935805, 0.06211240032183362, 0.036295252272373436, -0.011404671405767702, -0.01248985791589027, 0.08247561293357447, 0.021253449303751542, 0.036838260942712434, 3.4262055676421397E-4, -0.044610407585959, 0.031686196302551234, -0.05301219383355996, 0.049865621087239985, -0.01885320983589754, 0.04216129001801079, 0.022262982063724453, 0.04737630728131906, 0.0492428153097122, -0.039441019255859015, 0.011646033530143514, -0.07128409085431328, 0.03806880666270859, 0.07645236674637204, -0.8795277194974082, 0.07735122542107373, 0.02851395716023043, -0.052682282862851655, 0.10967179166333758
-0.09108582306216044, -0.0699648728732476, -0.1202112479153181, 0.004739060392282363, 0.003394974845343234, 0.0028322426788269196, 0.01864528737717413, 0.01288607027347063, -0.012708498228575534, -0.0020100153235781295, -0.02508424694550877, 0.026523384879607162, -0.014369374252924385, -0.026899532765150273, -0.024086677180225113, -0.021913497368285212, 0.005015891172724501, -0.06157780732804983, -0.06523974621803749, -0.016547102649822225, 0.012454937518584166, 0.032472872550049825, 0.04187404167363318, 0.02058646624757137, -0.018829077013085713, -0.020186808117783176, -0.0495903939036928, -0.020581732553034766, 0.0840383947923142, -0.01777485302262274, 0.004390929355207849, -0.022557543431696234, -0.08145944632137604, -0.019122753668630327, -0.04071227673620256, 0.03342466519857359, 0.01366988426580952, 0.01334286210929413, 7.371162307997405E-4, 0.03527101977377385, 0.07388201053724343, -0.015783580510301768, 0.04505790288884771, -0.012836204266040678, 0.07781454587871799, 0.07929219055534514, 0.07735122542107375, -0.8545658306903491, 0.0727361196088424, -0.04188782820129522, 0.023393710756061753
-0.07449572132018337, -0.052901142533048666, -0.09112797814418305, -0.011835726185034, -0.021498869599105574, -0.0017795289745574053, -7.989917994874817E-4, 0.007546230265371125, -0.0354661811570883, 0.002146890315598542, -0.009895180109218037, 0.028122004712061513, 0.015181230930250854, -0.016210785256266257, -0.007738840467992546, -0.021854347569543502, -0.016099050684921682, -0.03329863018473304, -0.046356348734331546, -0.018503777182863668, -0.011654435594708175, 0.037753087013552594, 0.035527090098478, 0.004059701920828206, -0.04560945797638848, -0.02887246580784121, -0.028264477353007463, -0.004990526223901248, 0.012037811872026266, -0.024198365905808168, -0.020774029447171063, -0.022264010721247604, -0.03660757944455465, -0.03534792383983566, -0.005419570237349926, -0.007476255338188361, 0.016323424727679267, 0.015394134646700319, 0.016127255092362566, 0.03181856446895637, 0.05448149490105833, 0.02391104653406476, 0.04600410635623759, 0.04434941101821985, 0.0718678486291634, 0.04391408564613062, 0.028513957160230443, 0.07273611960884237, -0.9066741573707238, 0.05504618492358759, -0.08259632100108523
-0.05869255352308823, -0.006834807475758065, 0.028204328078277528, -0.08778074884204111, -0.15999139173838475, 0.02713555401589948, -0.05081054133668719, -0.021922021788270366, -0.09775615550927917, -0.007033686690680562, 0.034668743431354496, 0.04392133412824281, 0.09383795095212842, -0.006434292266120187, 0.033975437811193804, 0.022697224797165808, -0.07873602149711321, 0.10813805507054794, 0.036717340274856604, 0.0015472813615858216, -0.032110324095328234, 0.09561327500928946, 0.03708617995754788, -0.00918540480896083, -0.05325820724203831, -0.0034484190425895338, 0.017118723064383074, 0.013529049949051828, -0.1791569800567001, -0.03659441694101575, -0.09563425545045799, -0.06681182588379098, 0.03436649979776776, -0.08005303491518022, -0.008269032225205078, -0.12851044981432563, -0.059614304566306356, 0.06032861816424707, 0.0750226562517522, 0.07036052662713567, 0.010144929953869113, 0.018426540613044193, -0.00972185259314776, 0.04809065144840975, 0.0847753145622093, -0.010732250123164663, -0.05268228286285167, -0.04188782820129521, 0.055046184923587635, -0.5822419850756523, 0.2399268146647931
