Constant,-1.4023107108556316
Gamma,0.048580210295901635
b
0.0793749276910955,0.0397556275873961,-0.00828769182396246,0.08619672847838261,-0.02476149034341628,0.014863437478376988,-0.19039468274624644,0.01921580236902807,-0.0877698633480741,-0.0038087953678553124,-0.056703167603809064,0.06894650300853619,-0.20243108698643994,-0.07942312325680348,-0.017579557979326643,-0.11381169850913478,0.1804856519522815,-0.028162361332228762,-0.10055867951752966,0.11017010620757199,-0.046823325189708484,-0.10882569805859613,0.03320834441187551,-0.050434270825405095,0.1028930553250469,-0.07784857270720652,0.08569388813181072,0.13618456262963088,-0.03951423278861624,-0.13115221508759684,0.101836327388489,0.08502122058915193,-0.004714559337844232,-0.20741858188641307,-0.056794145506506966,-0.06109208600867393,0.16341973575766452,0.05185180430808277,0.020807532515412834,0.05570981753368846,-0.009485243103741662,0.09394896347871423,0.006310491434539179,0.19637267491212199,-0.010938107955280676,0.07717808178019461,0.1427491902557956,-0.20712574852539195,0.24174343491145817,1.1537098491815296

obs0, obs1, obs2, obs3, obs4, obs5, obs6, obs7, obs8, obs9, obs10, obs11, obs12, obs13, obs14, obs15, obs16, obs17, obs18, obs19, obs20, obs21, obs22, obs23, obs24, obs25, obs26, obs27, obs28, obs29, obs30, obs31, obs32, obs33, obs34, obs35, obs36, obs37, obs38, obs39, obs40, obs41, obs42, obs43, obs44, obs45, obs46, obs47, obs48, obs49, y
-0.0, -0.006180531956030297, -0.005196485070350632, -0.0013551693124803019, 0.06015561221322485, -0.06174692407052535, 0.19560779568210435, 0.040544224861753596, -0.016017933194619405, 0.013691207431746505, 0.02515390757254167, 0.048019140674077386, 0.046250510706783314, -0.03343357952134259, -0.00763933369690859, 0.058045408501568224, 0.03560985903116835, 0.12159128076662834, -0.05503741845291697, -0.20657038340587433, -0.25094235753270144, 0.19241497428889262, 0.5923764030987339, 0.5161670441158325, 0.1291927756782416, 0.017677978242981743, 0.1044474946166426, -0.018642255753336116, 0.023493130349535436, 0.042407118525191086, 0.07207755659899749, 0.0986293514232107, 0.11122708372927909, 0.06007998545800245, 0.0994181595235621, -0.015056724337568609, -0.04523168874531632, -0.045961198279818094, 0.0030054947408411727, -0.012886216161551355, -0.10299357915194508, -0.015736300305831605, 0.08434491722911017, -0.027179246484049683, -0.031237731399777247, -0.10238781239105577, -0.048252648589603195, -0.05176166676904632, 0.04433140390068691, -0.04198529227297802, 0.07551887701164012
-0.0, 0.022219352470060606, 0.04993902111118879, 0.07354957448153719, 0.14102578968403556, -0.07322121661047758, 0.04438729654699612, 0.02874945353316032, -0.14537140070481178, 0.024615744118359196, 0.034495150938186385, 0.1973824449880846, 0.054597583171620244, -0.10084475171219087, -0.08140244379135277, 0.07072440218884823, 0.05317335970348125, 0.008610148059429652, 0.017516614583793125, 0.18153862081220312, 0.19876338773346694, -0.015530106139146562, 0.08645233394134501, 0.032702894817257744, -0.06844167070826088, 0.007886351649165681, -0.01396888456052559, -0.02249717601653869, -0.21446300510795782, 0.4776644990043218, 0.09821299230783827, -0.0361213658746865, -0.26250752922495596, -0.09872998504603987, 0.05432304663503277, -0.06426316298730868, -0.06712351593489999, 0.38232575082639275, 0.16423931590216712, -0.18590662683833933, -0.05596768023976213, 0.08120559639192762, -0.07686493897600676, 0.1574750575539275, -0.17959394076886942, -0.029207098994345097, 0.20175665344371624, -0.02899048329207469, 0.18157539589802726, -0.0853670804016716, 0.03782429083875484
-0.0, -0.041904891047092524, -0.06745731697808596, -0.04855458731510373, -0.07240152997423295, -0.049528358252864835, 0.029485020529086713, -0.09429389728538637, -0.008196078016934229, 0.08147673381217699, 0.02366698872259819, -0.16461457049468278, 0.08672772006866147, 0.07697882940521306, 0.5558257113480932, 0.5996246450915116, 0.05209229737881982, -0.042083000204694854, -8.636221995135437E-4, 0.1058368895252391, -0.030863137796483822, -0.013318982342400311, -0.006489205423727132, 0.03978557723480793, -0.06091580447659737, 0.004673036753952335, -0.2956574060845787, 0.018088397642098346, 0.07899506849862101, 0.03122357007511257, -0.015987159594437878, 0.18833770778670647, 0.013005226531929998, -0.027961187108768406, 0.020546329059045885, 0.021996368145278673, 0.07319167767958974, 0.01722536998295364, 0.04453160409721037, 0.014687852894150878, 0.015553818525101286, 0.059084248655838105, -0.029513754304392688, 0.014397695761372429, 0.06280227551169076, 0.06864453572094248, 0.04804452694407944, -0.13421503823267636, 0.09138233912389615, -0.06550352890396847, -0.007885074012286754
-0.08056124246139637, 0.5618769466217582, -0.6496643814285122, 0.05871464587982135, -0.031887556177815954, -0.27523035317143807, -0.0605065231084588, 0.07781214624398211, 0.07498497553232863, -0.06792883855290714, 0.058910387080292025, -0.010066202439551315, 0.018669561644398237, 0.0023051387508286002, 0.030004657918663327, -0.01293913339934539, 0.0037485995713178195, -0.008814673153547772, 0.08183765256240269, 0.005511755396675228, -0.0025474522682566903, -0.015548017967911467, -0.004460009268766772, -0.004463894623541742, 0.10863377368820037, 0.028942699274264017, -0.04587047325440603, -0.0027187014634515775, -0.024248422175165204, 0.0021555495438746754, -0.03465536887487574, -0.13709844930201462, 0.06764542564014879, 0.031208720465757574, 0.03379262530227807, -0.015068971374854002, -0.11258971772410789, 0.08257776827903439, 0.013382445201840986, 0.024957489496782826, -0.06481162311106349, -0.03062826918059412, -0.10463198013270869, -0.030792499315138853, -0.043094872025917615, -0.027478366087042287, -0.008885837695743819, -0.05678822497679064, -0.09491917406042476, 0.01932749445585433, 0.08200927328208414
-0.0, -0.07487206899805648, -0.058111397183035506, 0.1553089538855535, 0.010038937212544362, 0.12644214118885663, -0.0381147678584025, 0.04531549292497373, -0.040826002432922164, -0.05008535129435062, -0.012754662882411033, -0.15064441742737086, -0.009691573720348415, 0.07288681624249481, 0.06635017394553411, 0.08319771139284368, -0.08463137684743241, -0.06015790177799086, -0.03435411564111342, -0.16555701973166667, -0.0076674267761555285, 0.005687118140902069, -0.020540083458208885, 0.016616514372406504, 0.08902108168993751, -0.26648509369575435, 0.1114146931369903, 0.7036801536175324, -0.08379830359678857, -0.009586627529842429, 0.1689859912842195, -0.1947645333853925, -0.039507652784772654, 0.050544287662495524, -0.008041037231302423, 0.04168806010148037, 0.0038198899564103, 0.029901022478915962, -0.08727373208633268, 0.03985873679390195, -0.07146475315086898, -7.405925197916814E-4, -0.15393064413643806, -0.10404112880406395, -0.20940281449438114, 0.03245475803356016, 0.013172473008903179, 0.08414416062122264, 0.20944361420852659, 0.05472904042775955, -0.023558571935293204
-0.0, -0.023300176398359188, -0.02950426356507409, -0.004443209048232634, 0.06168974835726745, 0.08431597586829397, -0.15243303091907406, 0.08555860369075789, 0.16478724858167754, -0.0070980033200344645, -0.019873418174637364, 0.022447127806783183, -2.9805136144348384E-4, 0.06855160944406122, 0.06993498842791307, 0.00437791337034861, 0.09045982660756134, 0.10752782703424904, 0.046669262949526016, 0.027847756679596054, 0.048236035862812984, 0.08485085949104904, -0.03137372400174137, 0.04472879824077998, 0.0016769868445138556, 0.1579564486054537, 0.13385625229617737, -0.0027010779278973584, -0.2131250598120178, -0.3343745141455541, -0.05931075508232274, 0.20154024821658653, -0.3626389575088631, 0.2843271604544273, 0.55936689716395, 0.06714579852777569, -0.04271259682437516, 0.07298828161617528, 0.01162213482041842, 0.02509789964825537, 0.07429850382142829, -0.059466779476404844, -0.1183534541208194, 6.480399558056005E-4, 0.047096603952133435, 0.0013447552452169706, 0.1353250602313552, 0.0877114078299373, 0.048520644314015135, 0.006254996247850742, 0.014141368559957436
0.015426143271226597, 0.1558282017598933, 0.10998228683523606, -0.0621112678460604, 0.08964611815167138, -0.1059749893549815, 0.03234402570176408, -0.03948763672499221, -0.007911849844124111, -0.23067030888270137, -0.7016440731921134, -0.025767944818278595, 0.41879539509239483, 0.11805505880655513, 0.07379856943564378, -0.08623261054255837, -0.02454441888134081, 0.09913106692308866, -0.12013024606588563, -0.00340015660290168, -0.05203284387620814, 5.842646318139506E-5, 0.022892735009330138, -0.05542782144876006, 0.11685005098143532, -0.02964311047095982, -0.04468257010071291, 0.017890647032556828, -0.14991159972057125, 0.014169170959622317, -0.06085648101336822, -0.04129537070892742, -0.04083618736821117, -0.044877015014450065, -0.037233129199892225, -0.061930419178931016, 0.13355585311629467, -0.05944646733821923, -0.007790864434115658, -0.00494248028971128, -0.0020409335792379974, -0.02833748126128935, 0.03876155510825696, -0.03434930728920919, 0.05155211023979831, 0.051297592689851824, 0.1296739681618035, -9.793598284978209E-4, -0.005494593139415073, -0.09236629594840856, -0.1811452690192123
-0.0, -0.15093574407207427, -0.2247738389236612, 0.0011901081950840965, 0.002470647000227661, 0.10326204631712949, 0.011963547424604514, -0.0259920133951399, -0.03325353926305353, -0.010897898325976412, 0.003017196708382904, 0.01796684414699688, 0.024972106931415456, -0.11245311344896405, -0.050277825547932295, -0.0037494205271562863, -0.006897962424321621, -0.21479536513458306, -0.07474785113044125, -0.04902614964462635, 0.01185990614550262, 0.0457729752582811, -0.00502607047659141, -0.03720156703076983, 0.16861785169838434, -0.2403523516722401, 0.15235448126907428, -0.05455365927545317, -0.27085827844197247, 0.031035469797085557, -0.31236140161394027, 0.5384227564774962, 0.06107685326610324, 0.11402941594067731, -0.2862814637110502, -0.0636991281824026, 0.06196835605813811, 0.010204699855752012, -0.02972383154563703, -0.13130027017717202, -0.051156699737465235, -0.14819154146341573, -0.22238004421769042, 0.02963183981829492, -0.05432546876123259, 0.05013418220100273, 0.06277411100953377, -0.0508636419295988, -0.07333449793874328, 0.012564954961871823, 0.0182822946489362
-0.0, -0.10436405943801527, -0.07368931292616453, 0.15327987660300033, -0.11865420275111138, -0.12948110494245357, 0.08523589967868708, 0.03298626301668517, 0.05693910988821993, 0.04976147396725767, 0.03604141274203566, -0.054692867890055785, 0.06652944995507057, 0.11717198392205586, 0.00799156271853635, -0.11899140034509095, -0.07904008879183384, 0.18989563879295807, 0.09012992607847513, -0.2013753377688178, 0.5574481154733716, -0.4633184279030328, 0.04809691495666284, 0.21606283894639688, 0.11990737463907324, 0.01397902713740725, -0.10953262897411302, 0.046471857238053096, -0.0507722873434651, -0.00236390316107309, 0.007899933554570962, 0.17239786654134587, -0.05732715395478816, -0.029323439101084283, -0.0052080710984896686, -0.09456185216018237, 0.15250390845175715, -0.03619695798155912, 0.0019334919037422547, -0.017386109457946247, 0.03197218178790216, 0.02312239057916111, 0.164916891489743, -0.0592130510088164, 0.10952528793155891, -0.028854953861785618, -0.09645147841436774, -0.016809037477440072, 0.04085491130198041, 0.09590221421978952, -0.08350598492898209
-0.0, 0.2787654143210751, 0.131017463661134, -0.1459951612695296, 0.07895096688518113, 0.056291209479917975, -0.14244068136223836, 0.11121881251006091, -0.015076727739292103, -0.06352866736507384, 0.09389051782765422, -0.21358718447534175, -0.05048628283128508, 0.070250615877221, -0.05824277578859203, -0.054759464570223154, 0.08725179851077584, -0.21004240140126032, -0.025088202327417344, -4.3055630684655956E-5, 0.027600234229573153, 0.043055229213589404, -0.017817976998531576, 0.01768704841460019, 0.11678301560854974, -0.03094438504473573, 0.0011190936946856693, 0.03098976337733692, -0.06843792665939095, 0.06098066114360538, -0.07573592122473038, 0.25743723030071874, -0.07055821901774254, -0.3936538243306306, 0.10734127650787878, 0.11862532237166841, -0.25655143059051183, -0.15089461251617997, 0.013389721083209256, -0.16130704971279136, -0.12755998407943642, 0.10860169752987837, 0.2775009960825219, -0.2292869820208696, 0.07374207750661256, 0.19599639857479015, -0.04548284218897518, 0.021414655285010218, 0.2475025533971842, 0.058433739733105075, -0.0036237632879107945
-0.0, 0.04428190091022623, 0.01647729005352071, 0.11342111048015656, -0.20081096693499317, 0.08834585441566402, 0.12576190705382187, 0.00852118073231954, -0.09093936016347516, 0.051350913374404374, -0.02058047969240066, -0.26876873761586756, 0.05507834373929938, -0.14951675842836196, -0.025017139873680847, 0.02209856751165996, 0.02485084004226763, -0.1147230948307492, -0.0430022108280602, -0.130574497573417, -0.11755924024804218, -0.04817232578068735, -0.009888153776410199, -0.06235241654298574, 0.052920883048963904, -0.03922281130957979, -0.016305220978286093, 0.004734862413275715, 0.14321381960323626, -0.17374432358731415, -0.08324627688866944, -0.015188658925224153, -0.32372225160089985, -0.008297579570079944, -0.03332889842858964, -0.2021757535605824, -0.049523902193586114, -0.0030219149030897953, 0.46255120527776084, -0.11890162991535813, -0.07133348714877304, 0.165694937936409, 0.12784493609544706, -0.0797675307258339, -0.13201370013211303, -0.34018341475423136, 0.14615764627131098, 0.0747206987575786, -0.23278179140907596, -0.002354344980184176, -0.05394851579717228
0.12064296403112491, -0.2515276932693205, -0.12895198859752913, 0.048583980375052314, -0.06762608790476403, 0.08215683182025621, -0.11902287526422674, 0.4378666296883371, -0.1198935165564402, -0.056554309657997424, -0.35605006655857624, 0.04436587808730563, -0.22570681811063104, -0.007822790620144205, -0.08099139326453894, -0.01655884243332692, 0.10602391939376417, -0.027988788697926564, -0.10891003215100357, -0.00317259668924248, -0.009826482492209809, -0.059154875955126134, -0.02996904622906026, 0.015253653410162146, 0.065486599969822, -0.016045759835380213, -0.2776863058073866, -0.03649417487422973, 0.08957908030465725, 0.01046840527451056, 0.04322897457455467, 0.008174135486236885, 0.0449546230508597, 0.0759961551671184, 0.04810008832666972, 0.060955858849620265, -0.32038063783577087, 0.019715846990822215, 0.05195943512995947, 0.03273131567450605, 0.004632068123785333, 0.023692244478491154, -0.04780348538592357, 0.0333545713755188, 0.011894489688574669, -0.09422906185218864, -0.08581925766775085, -0.39787884271280843, 0.06591723933857445, 0.0889627272279002, 0.06559706739321447
-0.05238595142189032, -0.07023944155928354, -0.013745070381007977, 0.16147535438393104, -0.05599473245759153, -0.13757312811945863, 0.17355167888319284, -0.18531760875997424, -0.21431344009515452, -0.5603409150386784, -0.011006959030875446, 0.13531748980383973, -0.053180170958497884, 0.07287709805099106, 0.09479201133098164, 0.005645928550610325, 0.10392224246894737, 0.05065894293326256, 0.129408803398722, 0.034730791608357285, 0.0018905026632953983, -0.03473140625541949, -0.02958239002113216, -0.004765515146607456, -0.16618049596967308, -0.06589486554439096, -0.07099735309097831, -0.09680659273627892, 0.05787929640744637, -0.08928813293644983, 0.08848127640419144, 0.1900496217164352, -0.032102964182519136, -0.03303265304152412, 0.028078757031633934, 0.09657254525416277, -0.24262595568583795, -0.14013558651014313, -0.09095599200385854, -0.06337741084408345, 0.036210010180096786, 0.0033247914571751026, -0.03419070379678837, 0.010801085834754899, -0.31576322459581824, -0.061980731280999485, -0.10020158193327494, 0.2500701628693606, -0.013309014292946434, 0.1358171824174034, -0.19259694221021076
-0.0, 0.22426037339058433, 0.13429504410296192, -0.06500074708794888, -0.09080755545109144, 0.14505150063741487, 0.2670192967180879, 0.11639588009059831, 0.03171387789582131, 0.16582795532298986, -0.015226867697514104, 5.250017031264948E-4, 0.051026210751649904, -0.07698177601173609, -0.03445596313888295, 0.018541050900085156, -0.0748086301070035, -0.07948430781471225, -0.021884582133518234, -0.10588672277025803, 0.061327183958918, -0.020464166950837602, -0.028840023241199386, -0.05406367033509607, 0.07965647303026807, 0.05152122310699083, -0.19266484403919393, 0.08574290546432864, -0.06086192542288932, 0.21595209682669184, -0.09300304586000596, 0.15765792182126506, 0.07511390154973673, 0.1428867320810014, 0.09018946765681626, -0.04184463530546612, -0.25805456671520444, -0.08005553094915588, -0.1441079255275246, 0.4687876600053928, 0.19967639180919725, 0.03604105396641018, 0.10048538430277533, 0.2232425586378344, -0.2120190450316648, 0.041760640225439065, 0.11492215952981318, 0.19536091024457192, -0.09183214944037728, 1.618256607930355E-4, -0.07556473122663068
-0.0, 0.22539996141832458, 0.17754948691904932, 0.04546827914249316, 0.11699186803335647, 0.03301940242299295, -0.09052105010250089, -0.004293397149420839, -0.06884191537875957, -0.05620234242864554, 0.01839032988091046, -0.010716471867127694, -0.09299397214696511, 0.018408059330663952, 0.05808196408474402, 0.03181768197257137, 0.05398609158183542, -0.01168224779764796, 0.10621151128680995, -0.2502285778908851, 0.025976302512609087, 0.020677396434095555, -0.019262110900491587, 0.02580114895606061, 0.11372874652319631, -0.02306363915427874, -0.08891489057853035, 0.02098406381445135, 0.2046553480598292, -0.07427762091393862, 0.08485821159129056, -0.03836130233904054, -0.10831775916381246, 0.22996442670654527, -0.13187670116545797, -0.17277073231327825, -0.05938080492664953, -0.051811324665552265, 0.06548401888765198, -0.29053997630611417, -0.05835635119286832, -0.3054150031934356, 0.04224501033126107, 0.5013173684473248, 0.11804691374491914, 0.2739081453159688, 0.044373887446831, -0.014718847994249485, 0.03673294138127435, 0.12761649094284538, -0.016725539355781978
-0.0, -0.1298538171630938, -0.12918379950041975, -0.014571869656220697, 0.11180749562723537, -0.014269903225233195, 0.14617175847499156, 0.036744871314543764, -0.06465165325493721, 0.03258477844602665, 0.07500544621494586, -0.44960530771964247, -0.06517399303985032, -0.01013397991821852, 0.0012972786617792959, -0.039445643075959796, -0.2495947932880706, 0.17507272746362032, 0.0018160356088003772, -0.06239713289447464, -0.1130112677914802, -0.05080145761775085, -0.08976535709497782, -0.0035770402357340756, -0.08868652332650562, -0.031099842537992, -0.04670994387025989, -0.3052071159670848, -0.266704798820232, 0.07234591818362963, 0.029477742382418123, -0.18076769363712647, -0.03722464415885556, 0.021649794039595598, 0.03404151807654859, 0.2155505715330845, 0.03608545481649428, -0.20756022031655488, -0.0337785539016451, -0.027690016686989807, -0.06904503793641807, -0.2643201747278395, 0.1106563323144039, 0.05204846128111912, -0.19458698887817177, 0.0064319900139222595, 0.2648654025555434, -0.09836029864808303, 0.14083945535254758, 0.07777399096946916, -0.10828270226142722
-0.0, -0.06232198423961682, -0.11575772885573722, 0.06361364114463547, -0.1131863398503591, -0.07384499662610366, 0.14538853541180963, -0.03325413122013781, 0.07475907778312368, 0.10120203771115667, 0.037738889384250504, 0.016550657039604462, 0.15972709775113494, -0.10733385302977556, 0.015106338669371755, 0.010299529131104079, 0.3047400111212529, 0.4578234767769696, -0.17170593639651185, -0.15329049875850975, -0.09844831065475529, 0.030071483457618255, -0.2128543933169029, -0.14447532491462473, -0.047158502562300475, 0.034982301621019174, 0.26973739459441304, 0.18522009516340582, 0.059738312918362395, 0.18830586175742367, -0.025475777045392545, 0.10732411156273405, -0.08454397226643506, -0.11921349269490189, -0.0538503465124521, 0.24398280506418127, -0.21497478139273685, -0.08886050583674757, 0.12363330037813818, -0.03344184300535816, 0.07332250565246545, -0.10301999007054347, 0.052248983771068756, 0.1260919320887384, 0.16215454958541176, 0.04510595675707674, -0.1094735407434614, -0.06650091389174453, -0.013098476399304532, -0.0832139373800884, 0.17171762102504676
-0.0, -0.11678677528019621, -0.05866468189427117, 0.03762270472772621, -0.0016902099695407869, 0.09140508575276143, 0.11887555390257275, 0.03288976378538511, -0.04019195402762267, 0.038254622839265055, -0.010709249165127882, 0.12632445184644198, 0.16286209415655034, -0.01203581880820945, 0.277366228152921, -0.2772845900305842, -0.20045061825881455, -0.10452665254934906, 0.5606557498719449, -0.10819551303267504, -0.010382052321758872, 0.21176731160770446, -0.004938541520004906, -0.1716469531349308, 0.040486719200888484, 0.027113832900503634, -0.04208124178885625, 0.06674790134913289, 0.0483972723010196, 0.16476463986935283, -0.019414550880349053, 0.020685547895062602, 0.10119984188764856, 0.18491941304662482, 0.0400602516454992, 0.18392773709645976, -0.10901509089485667, 0.016756189270532074, 0.08753773719227013, -0.1618819789337527, -0.013199460772924373, 0.06565201572258358, 0.13558838633510012, -0.13170880282467193, 0.18774764451153728, -0.07400334797653961, 0.061250909899198694, -0.03900041011503448, 0.04458612667464487, -0.07158510719219316, -0.026794227896279853
-0.0, -0.190634808477311, -0.09811197290372667, 0.15827766077851124, 0.01528508360715927, 0.06543263557042037, -0.055386235077945566, -0.036908461224728586, 0.2033002925723964, -0.019489558652405817, -0.03584414624275536, 0.11784165274007241, 0.10053409665503066, 0.022156748565054295, 0.06589031223586804, 0.17475510046732584, 0.09166742914074595, -0.130866604479392, 0.1905280262547613, 0.2311649473904117, -0.014225348795887589, -0.12060814830099605, 0.06937627229584846, -0.05838247332039709, 0.31547829453288, -0.0576397881820048, 0.3328298218797829, -0.09137311507148976, -0.014976529808561229, -0.14118255847720104, 0.00731031939315034, -0.151573487934017, -0.026690903880261352, -0.11589786524155818, -0.0571849551307741, -0.03758683321521116, -0.12932767928304845, 0.042879161014890387, -0.05292888396964181, 0.1627913874688191, -0.022519588010321046, -0.052690667719096966, 0.4551393214121879, 0.1741573606326305, -0.18506990851732785, 0.0810805408342296, 0.0440988406095492, -0.12098138668030171, -0.013850410176188073, 0.02529900178659046, -0.0956735177194899
-0.3069614783153563, 0.23316449270176426, -0.0238579206904508, 0.11841940048003607, -0.017857311486652476, 0.1541871692826959, 0.10482585634361527, -0.10867222181920358, -0.2799443115854373, 0.3548623056965116, -0.3560749059706729, 0.0707689771105893, -0.2281553582903196, -0.011396943735359292, -0.026002734344332815, 0.06653732226283175, 0.16788174786864343, -0.0401705698807034, 0.1856367705793188, -0.03331841927182798, 5.982265366621236E-4, -0.07760203292883579, -0.034582813206028615, 0.033548131707622636, -0.2147533045864114, 0.02110387408485321, 0.23430263951689856, -0.035736641007793266, 0.04860313244392144, 0.002022782730511314, 0.05906960937099115, 0.10118943867148414, 0.008869709557091446, 0.021512461286572842, 0.053856467708141655, 0.055519925215099825, 0.19060238093636073, -0.028520683235019457, -0.028709147942689202, -0.0020819377853785585, 0.06243470488466052, -0.06161145060180993, 0.06776675658878689, -0.1674946107528879, -0.1365672767652408, 0.07883804558864477, -0.033724164307289514, -0.14503416242373443, 0.04777353448715712, 0.14580739054286027, 0.10481801927968634
-0.0, -0.013228757403166931, -0.027393045141632474, -0.16763230438779028, -0.09093585086894257, -0.1171480650937484, -0.2849942364992252, -0.029864879694522787, 0.2155951994403578, 0.014613291885542282, -0.028186682427453008, 0.0865941058759778, -0.03252390578568269, -0.009606894570651099, -0.02909415265008335, -6.77811760244347E-4, 0.06169682472740637, 0.10083222981414022, -0.06196936926825384, -0.10808182428423485, 0.22323349612795812, 0.2127180290224239, 0.24606373125233658, -0.26458512766343434, -0.33634983976349203, 0.036658747695230656, -0.11280575542690671, 0.1408814974344836, 0.08904145340895361, 0.004470158160765919, -0.10506505019414054, 0.09997146373859608, 0.012226228254711095, 0.11878761434891845, -0.09924587058176663, -0.04144623653016461, 0.055376777943246455, -0.05754465258385826, -0.008435795781176177, 0.0023955516668249864, -0.1797544284147918, -0.1747639006151867, 0.2967171906049388, -0.07032296562418061, -0.3213254233297181, -0.12644255767788423, 0.10047901559574166, -0.07394936052194676, 0.0833040433493209, -0.016676967353900233, -0.04454863820523907
0.039927198117467505, -0.0028877273058331323, -0.032644549172639495, -0.07855511842373486, 0.061054981375380936, 0.13585462444271923, -0.20170226415665285, -0.027836578004867205, -0.15802482535381954, 0.09841454930172114, 0.18083948091670923, -0.029113019695973325, 0.5617813390861581, 0.20608428490480582, -0.0018599095379519415, -0.2184822670062025, 0.05525310215742592, -0.12348448607876343, -0.08155961643091447, -0.03846898480153783, -0.04118907711793642, -0.16756282752513255, -0.0063074267146587685, 0.14680127689140854, -0.13756222397648515, 0.0027662014967135906, 0.027758859488854492, -0.06899637666638139, 0.32092064526729736, -0.03198362214568513, 0.07870229668097171, 0.07656634558523964, -0.005861098817368006, 0.0035450738518058825, -0.002851302157126333, 0.13659562729041047, -0.07720059780445652, 0.12099493665680865, -0.012107375494658838, 0.06894801733549215, 0.07933075500891824, -0.08209875577718993, -0.12658874451763433, -0.02143376630362396, -0.22329627075249422, 0.051642406036729656, 0.11374715790370056, -0.17850768795037494, -0.033726186698392904, 0.11997462113992258, -0.10353892276131121
-0.8499197841926882, -0.09152490673101676, 0.13023161223528246, -0.0661006401658279, 0.038882921871679986, 0.06102939063910421, -0.07962261071836789, 0.13155860573278141, 0.07890717462401063, -0.0899309234846227, 0.0895590878864158, -0.05507505169307665, 0.07484158693533853, 0.054875838310082706, 0.0332504867296311, -0.029303028618460878, -0.01122597035278007, 0.07008921069956466, -0.038243807232869145, 0.02049270084394505, -0.003919203899847257, -0.055297477773012645, -0.034572519623623274, -0.018409942959652075, 0.10669880223661572, 0.02752636485000764, -0.07185694495460873, 0.02009207272077181, -0.04514001180966025, 0.0206947478463936, -0.003390899271328958, -0.007615619474766261, 0.07285431389124176, 0.018414987229865346, 0.014496074083884874, -0.03679480800540531, -0.07659795759436604, -0.01992842426531613, -0.012041841386366896, -0.05713884335736325, -0.10998435321831694, 0.030072107637659294, -0.06159492506074695, 0.07739862790855175, -0.052934191647969225, -0.10380353623669021, -0.06593853723756261, -0.09325054391154092, -0.08808765259154577, -0.16940211302262714, 0.031595076056767826
-0.0, -0.03118245399541301, 0.03980731272587923, 0.1963763743206988, 0.07873645873125817, 0.08083875452177756, 0.015369099059017451, -0.08097708065395019, -0.019292433263026806, -0.025654759602847643, -0.053335618084089875, -0.0945764908888055, -0.09095625849361388, 0.07970048287224678, -0.003942995487139113, -0.059279363642712725, 0.06068610166991666, -0.07695753279635453, 0.027181333065856902, -0.12950077660246984, 0.05443544234620438, 0.15958355906429128, 0.06040072236453255, -0.030239766532722038, 0.11823931428957007, 0.1735163365529917, -0.2127390169144124, 0.08044438487481224, -0.02283154395067778, -0.06837511760673769, -0.14512188550647354, 0.0338757477673953, 0.11635554651664619, -0.38794705405190555, 0.10461472858490375, 0.3307850211570501, 0.18864090115369123, 0.3655336433646804, 0.1256574853410976, 0.12509042462754041, -0.07189394074683374, -0.3111606780587955, -0.01325777850724919, 0.16292431344534578, -0.039177578872504525, -0.09836687296922261, -0.09748771465731168, 0.06804983863769819, -0.18925946030555124, 0.0393791293253166, -0.047984163342586456
-0.0, -0.05023727292924252, -0.0359903858548558, -0.15458333732113036, -0.025426594695947848, 0.014667936930602494, 0.0900154176225317, 0.12138147764609068, -0.05343133838981682, -0.08976636576411172, 0.10617404393770943, 0.07805702503927867, 0.22693385142845868, 0.13456589428526608, -0.4746935441111205, 0.38314324875968453, 0.3307817108671068, -0.06467877099114966, 0.18757338356256523, -0.14248784802012304, -0.08044268799418483, -0.06243037781840276, -0.07139336017696898, -0.12348745234637472, 0.10861588045979027, -0.020562577533799885, -0.16303518175107556, -0.00877630703547699, -0.08397964965254617, 0.049298558948600184, 0.018619466867499396, -0.08569628303808624, 0.1065184815221219, 0.17133278219742137, 0.08197182746490161, 0.1258833896617493, 0.22373651858586963, -0.029346658942078743, 4.2077604073261665E-4, -0.10561674813120257, -0.004280707893760833, -0.013441724598906975, 0.09192854629664242, -0.0920099213663052, 0.0684983961860895, -0.06736081925453298, 0.036131016775101825, 0.10138713572126297, 0.02116033197995239, 0.10206277755452758, 0.09789448905936829
-0.0, -0.009664903048333956, -0.08216726189289814, 0.08560653107946878, -7.196687132352311E-4, 0.1041763480185161, 0.05374373151759183, 0.09952534588886613, 0.16407885925500143, 0.017973780455666513, -0.0022363654455554243, 0.010809516436273158, 0.006490880461707228, 0.09482120002476317, 0.022304262348031414, 6.766802885625114E-4, -0.08435706841226505, 0.09953978267638394, -0.05160494496075062, -0.20948456897893766, -0.06355348755873373, 0.11232975877232355, 0.08302310150554802, -0.3957504759164407, 0.2112479761270606, 0.2043100989086765, 0.0428166013452047, -0.21968404566596295, 0.09002362775425268, 0.022309389078014743, 0.4742099765357254, 0.22468502669004436, -0.03702559070899301, -0.14611082887130897, -0.04586211633414208, -0.12442375806581467, 0.16044603578369152, 0.012597414776218356, -0.018021844412096016, 0.05450755353037735, -0.09197050349368281, 0.20130950144234627, -0.18297416233506916, -0.008596340199133402, -0.10477345214859635, 0.07127745120998571, 0.015278182026490453, 0.02661624386034571, 0.132775859187988, 0.16084459400003373, -0.07406667267385465
-0.0, 0.022247630780576958, 0.02600138645469132, 8.203564194751127E-4, 0.09740037949083284, 0.06252220741405028, -0.1816710842709237, -0.022474050326023367, 0.2154142938377922, -0.03351535125624768, -0.11042240433097399, 0.13334383810316316, -0.05915389103619507, 0.04056938760029601, -0.05007519678591827, 0.21876607681998514, -0.2712191901523687, -0.0019033973079772939, 0.11392239532035885, -0.3785642538924408, -0.2751624473747609, -0.4022012814592577, 0.017777849618968413, -0.011976782210275183, -0.29351149685702765, -0.088175410885208, 0.05619580820415222, -0.09679349051421092, -0.07063804236426817, 0.03929240904034389, -0.013686987112115802, 0.06478049008659993, -0.0028216263733111245, -0.09262531266441616, -0.04702249991558559, 0.008427895070332649, -0.2345121973170015, 0.23239653592756956, 0.04721140462840426, 0.06455777180560959, -0.07202216492363896, -0.06515426996810776, -0.006280702163949156, -0.06965734817112382, 0.1270717805445979, -0.03305835241084143, -0.008450268638529223, 0.13415311199629168, -0.018979235578993926, -0.09438023173600123, 0.08153086102529392
-0.0, 0.18300920497094342, 0.11596586121727222, -0.015137572361386435, 0.11957094952449179, -0.04965432692350342, -0.16992607245099334, -0.07370380808234672, -0.18032712692665234, 0.049917806672415466, 0.061149533581906175, 0.13209192121840663, 1.1275155200289887E-4, -0.08565724298970422, 0.004120813061302505, 0.05346404901864007, 0.017020261962871177, 0.09082285795509021, 0.10145058874385883, -0.11673016637370483, 0.10531762650425516, 0.015521900817223032, 0.00771619567568227, -0.030585313897509386, 0.18651592053969357, -0.13485881336593886, 0.008500358225190609, -0.11294375636275403, -0.03911923999301121, -0.2515419743467203, -0.041372327479269284, -0.0010932024702845166, -0.05204927235366198, -0.04284080218500276, -0.23551018900207205, 0.24301815992757567, 0.009290536460680981, -0.13505605560486303, 0.06928285655529871, 0.24913929244909352, 0.11992777315339338, 0.10153453716351159, -0.12972522891196095, 0.1177898115341709, 0.027072800499798325, -0.39402502880831924, 0.04757286953062569, -0.06932521732162011, 0.39884529195809426, -0.16694702442043588, 0.12956868793802798
-0.0, 0.03705528290371525, -0.04549072036153588, -0.14510200523622707, 0.019349751144687014, 0.09619366829074413, 0.10246234941401955, 0.049060410926460005, 0.16613085383339768, 0.04440341609111867, -0.06049675374305208, 0.11552439104950428, -0.1457579830466145, 0.31217115000089973, 0.030320792432641245, 0.019966555325966133, -0.04033992697775642, -0.0033492099382112805, -0.08453587895114925, 0.2007725034680547, 0.10555184389422863, -0.08721761431512119, 0.03580704090112998, 0.030742891793686222, -0.004931606227450296, -0.018293024947846112, 0.15183966591409406, 0.10864973648066265, 0.07632897989796834, -0.010617088823301878, 0.09111336543476362, 0.044288457931903, 0.35775699032487285, -0.13777468501777312, 0.035537453754324176, 0.016966815744778273, -0.08630714791689675, -0.1643731344163435, 0.2761293352023188, -0.20004356158979172, 0.16961997555095631, -0.12584531128890428, -0.09326677661951177, 0.09621253755915549, 0.061289278050449446, -0.24868063637220408, 0.3931885784148576, 0.14471139224881485, 0.012871199227620405, 0.11483237488550692, -0.03759462305006405
-0.0, 0.09306108993736223, -0.007279873751285919, 0.006153879888973299, 0.2281845734582053, 0.09400400171666089, 0.05775452132111245, 0.10976501841071797, 0.1139451902383807, -0.0708750902268089, 0.00686327235234064, -0.2634891049511865, -0.049657993034847234, 0.13572700007166985, 0.048909555474051694, -0.10739573911644501, 0.23067507082364772, 0.04536393542218265, 0.03392627807672367, 0.17331866841167942, -0.051432326423799725, 0.007684204688674504, 0.059324160889463705, 0.07628244668971412, -0.20502060150273102, 0.10186906370692812, -0.018121724080963162, 0.0743842176448774, -0.2240800957733006, -0.07963387325425277, 0.19468461550894592, 0.11809713640827776, -0.020868821272257063, 0.2434912818594137, -0.46474221739550176, 0.12040466289295527, -0.018366334136554155, 0.24747592603251017, 0.019930969611017486, 0.07629484426194409, 0.08610962824661217, 0.1872107307022014, 0.181777088982905, 0.03295634499388403, 0.11733374030939088, -0.08478631406969477, -0.04047796801076653, 0.05746739328194642, -0.06496653146630536, 0.11913751428005233, -0.12478081289786805
0.10969445909785738, -0.041729692867976634, -0.13058594224625375, -0.23983687383320465, -0.20480658401330665, 0.2817337920760733, -0.09293707244906602, 0.031641559903297097, -0.2247654159422913, 0.05309054922966723, 0.04758317344379636, 0.0866150880111675, -0.11214136415936733, 0.14994212700999401, 0.2746514847403499, -0.21738983841489404, 0.34914349115575904, 0.13154488328083325, 0.04287022841847663, -0.10763958770307482, -0.10718582211301009, -0.17592420196590722, 0.02995650599863601, 0.00989609784143152, 0.062782191546915, 0.08413830918304643, -0.06020653538698267, -0.07109336673727425, -0.22014050280508185, -0.01588590496657938, -0.03329250924535378, -0.14576026573133796, 0.08013277561815656, -0.07048792712095465, -0.04230920730635007, -0.18251393847997227, 0.038541761396366864, 0.01350682414187799, 0.0094383937705074, -0.0060568380479941635, -0.14055966849795198, -0.017586141196544235, 0.003978519607719637, 0.020672946693795095, -0.12288164789451206, 0.07794812483426403, -3.4099235665143964E-4, 0.2239090460039935, 0.060127002344232086, -0.2840883619159178, 0.0968890971881939
-0.0, 0.007530617298127514, 0.055146177542226366, 0.34671375667029786, 0.0047719233409644676, 0.084246838353944, -0.3019005907690928, 0.07220816587294751, 0.11571868118492504, -0.02624034100515512, -0.00888917425353045, -0.10040522718859946, 0.08013601473481956, -0.05058594822191226, 0.033710629296209556, 0.06695861880765346, 0.04245814919031523, 0.004388048752234612, -0.02283407564475521, -0.06384488061850363, 0.06752947074300579, 0.05337943461511371, 0.14760006210509727, -9.526431871115413E-4, -0.022291668005357753, 0.04126844871288477, 0.01027470529186644, -0.15770574923068612, -0.12187911540417404, 0.13542158410100888, -0.11339563380461852, -0.1331690924298774, 0.22286293607967755, 0.11358738299303778, -0.0056168284484108735, 0.05335657883833028, 0.018768102734088812, -0.16377379297342914, 0.36106599246846505, -0.09101639612494848, 0.4028820598849496, 0.08297396292369258, -0.07295672610869122, -0.08450140819451, -0.18884537319729716, 0.22892593082467239, -0.19093618593986952, 0.13959983058864994, 0.03489845301455404, -0.03232992813303989, 0.08089087181331665
-0.0, 0.016335314100112675, 0.06305535328148894, 0.20921674670626372, -0.1884128638103806, 0.023721542942140534, -0.15139768903842388, -0.01901600368998488, 0.0344894322683166, 0.11994560826010453, -0.06607771207575645, -0.16331764248450034, -0.007124340298738942, -0.0716679440511991, -0.0272774048433645, 0.026735133633296902, 0.10072654405669301, 0.18132959156753067, 0.04705087838397013, -0.059918598596065534, -0.014785715051450023, 0.007911425851010965, 0.1186980426153018, -0.020626772121339638, 0.04736210351137623, -0.019211970929162138, -0.033227702468966676, -0.05322337279491687, 0.08239839111934201, -0.04914622732213677, -0.18500834559959636, -0.05501858851441064, 0.10901676445467726, -0.08839980003547786, -0.023359315728486214, 0.08507501250481835, -0.10594106702975303, 0.16876622253430057, -0.5283393242941096, -0.32944013019729895, 0.10051682683137954, 0.26647680728091094, -0.05340540066102642, 0.06359898123969483, 0.016175534312436103, -0.0773386758597567, 0.33127656226183605, 0.08923836370905038, -0.05189982678584589, 0.06817485741722978, -0.00448552505375923
-0.0, 0.0032036873417007235, 0.007714809105142728, -0.289900304196693, -0.18307825420825807, 0.027332573986476292, 0.12007311857736831, -6.543650277418525E-4, 0.1017495879792488, -0.05245274773162002, -0.08910598850529046, 0.025400546826277837, -0.0034226474236410346, 0.031740544335042774, 0.13195717204046514, 0.10667343612422775, 0.016821167625449364, -0.3057345497164195, -0.12005732353670523, -0.321071133878565, 0.3576260084473608, 0.1221235786863201, 0.017826888147154985, 0.08424346678381582, -0.08685024703077956, 0.019175243917003044, 0.22461467889292303, -0.1553371638404712, -0.1416693692414796, -0.026505249852968624, 0.1064832730619115, -0.24349058116494715, -0.10267590973324636, -0.004933588871109262, -0.05854348350431941, 0.30548057707308807, -0.07534144820340082, -0.01533001101807981, -0.0479184872212687, -0.1039498717853543, -0.029773307130600436, 0.16884657383267157, -0.09500778232141287, 0.11048745765941315, -0.03159965701758292, 0.024391047285606347, -0.07797712317680855, -0.07683945027300136, -0.20287474316942436, 0.007735466727440666, -0.19734214355909346
-0.0, 0.05443799567120881, 0.042798843117914896, -0.09839391374856682, -0.0933609061361521, 0.03969963408206829, 0.1271932490705545, 0.05326207161016611, 0.14206084956335788, 0.00704771257896357, -0.08490384852538835, -0.19817677307611573, -0.01834040742543475, 0.17062438866366653, 0.024816397201037888, -0.02674090315031225, 0.024641323365397125, 0.13381926969031477, -0.02032998710360527, 0.04537231376239745, 0.10546070757732418, 0.14359712706843428, -0.14217828196151344, 0.022137393572260678, 0.0524624006793794, -0.4501862900290098, 0.12483690785489825, -0.268758311264909, 0.2677547372640484, 0.0833321985062571, -0.11559732844810106, -0.013696820135112342, 0.09907208457533322, 0.16208438921224247, 0.10897429600726258, -0.0449125930438946, 0.01162055669071985, 0.3606070538188116, 0.04764097368676949, 0.03722522595726341, -0.0880032675041131, -0.02940540333966739, 0.02185503803775607, -0.003959298038518859, -0.06001107103275803, -0.06963146171697446, -0.23758321249295056, 0.1697711677584745, 0.25427872807690666, -0.0010191928492548545, -0.05403507397422481
-0.0, 0.004673534302965753, -0.010133559976387967, -0.12725499903095502, 0.2030172619094003, -0.010870515637618268, -0.14194760792948208, 0.04170130383560657, -0.08711473320051293, -0.005400578524874985, 0.09296064027736062, 0.1434434303394494, -0.1979280928200469, 0.22673548859784645, 0.0758719183062439, -3.0429751670371137E-4, -0.026035918861264416, 0.2648593495470654, 0.04708876653329753, -0.09886074508847349, -0.028735250472435938, 0.12667868003298163, 0.02769201158938384, -0.018142264400442847, 0.12556866905123978, -0.4379760023758837, -0.07941917274691276, -0.010303303680794707, 0.010881502294925105, 0.12414017322340928, 0.009570884980476094, 0.016235159841861083, -0.2015665570500189, -0.08641133207407536, 0.02955264270702042, 0.04509279742417158, 0.1175456556572761, -0.024722830134694493, 0.03410310668696362, 0.07306935175597765, 0.22711462835734142, 0.14259271897795767, 0.1059554964997154, -0.09287856264633026, -0.052553847686641904, 0.10358965281663081, 0.11535506007675354, -0.10423158830398971, -0.45075462903549446, 0.059009502024888215, -0.05812421962295722
0.06595504211266388, 0.041861121045226594, -0.19550724242339515, -0.15025767408162038, 0.0435297877100652, 0.33421153165749035, -0.11449773127282772, 0.20782264673613912, -0.2984344057754729, -0.16194307942902847, -0.05901986270070145, -0.12206529626656422, 0.08961542324513484, -0.08343055808970541, -0.14556267962350058, 0.25297121523627486, -0.33684274409300596, 0.24409530490641837, 0.11641173808655224, 0.12035739590022419, 0.1902206902721926, 0.10851718416730437, 0.0025376343319880915, 0.05818352760515413, -0.06930059455031884, 0.17531018503527468, 0.1831465007932295, 0.061845435010581463, 0.15029356137268346, -0.036225789823929794, -0.001507226568159497, 0.09465269954963372, 0.017468351280435036, -0.08369136930259875, -0.03899459650643871, -0.014616674772456114, 0.05133833183280878, -9.027042289403983E-4, -0.04983902552802573, -0.056895270374489874, 0.019652944482597537, 0.0298963690971062, 0.08843555865316813, 0.1299195975634761, -0.015430785681998157, -0.011139666264937407, -0.13247996785215074, 0.10711791029729908, -0.11148704576697185, -0.19333936754972067, 0.15548077062805649
-0.0, 0.0676732884293646, -0.0029461375405737396, -0.10266681034906723, -0.29091237216250376, 0.10987135945826149, -0.10599613371037214, 0.023267639549734674, 0.2294414275527826, 0.04888649090660745, -0.09646250218833671, 0.04340646383074713, -0.023157454377085034, -0.03503228584699008, -0.03890904625558592, -0.0825712900883713, -0.08466317012832772, 0.02875317628016621, 0.1542093732324226, 0.294460380145645, -0.19035955594577658, -0.1944276241234927, 0.19629898304486373, 0.07720336623053868, 0.05839650869492727, -0.0723546479381764, -0.10790043052187423, 0.050497046649523473, 0.08750129801649947, 0.18189510528194996, -0.04276066724671082, 0.038699833449617624, -0.2998836659494518, 0.019755235000509207, -0.07099536080966576, 0.36273165788734, 0.18983469014407583, -0.19697425489659176, 0.04201745518981226, -0.03203459789711613, -0.15389001319900775, 0.030861693935703895, -0.14822688855426602, 0.19203159102596293, -0.0561235526769334, 0.010892686678922799, -0.1502931884737041, 0.12200314288049827, 0.0019027726123812831, 0.13705590314693097, 0.04933283275057418
-0.0, -0.006666187215312929, -0.035501276550553726, 0.10577644199042188, -0.07286083949914608, 0.03374129490520884, -0.1492122784179428, 0.0360022279966641, 0.20011984674369718, 0.03608076467276603, -0.05012720870214473, 0.2297885791585488, 0.02856704710566639, -0.010314696955738315, 0.005768629896486584, 0.009066771816622026, -0.060649879920260684, 0.023068903075457288, -0.0034569717796125526, -0.09851945131620578, -0.09732573389417694, 0.25876103378137, -0.5633542041180005, 0.4878304714606853, 0.019484477873238388, 0.11044494537480962, -0.11185303534702351, -0.02684800688772671, -0.037813838571310154, 0.04243694437431306, 0.06038509575856531, 0.06110628105761891, 0.016631406907079323, -0.0611046409011009, -0.1257040724921082, -0.029103949061524508, 0.12275743324611099, -0.038023066715844454, 0.001980756896561223, -0.04797785645869104, -0.07741593588822056, 0.08376811750566789, 0.14676804963547557, 0.002140846736663142, -0.17324035810201127, -0.077274422215101, 0.09319665569875506, 0.07371961015273436, 0.04734919296730354, 0.05204454588464115, 0.01979669821007525
-0.0015278920310089854, -0.10130704546303348, 0.1499842605116474, -0.030457086047764974, -0.027086709292338, -0.5290732258873135, -0.10002986245058333, 0.5114412774091082, -0.19008406978170722, 0.2743670393561256, -0.0377924429856902, -0.01487875922389843, 0.0599481273313743, 0.03578999507876922, 0.13624495824980004, 0.04441447287230859, -0.01645500149081694, -0.07792909843275224, 0.09930309825033688, 0.034806164535839276, -0.049941857280146676, 0.016758176048772038, -0.01803965630236602, -0.029749236034915864, 0.004587934778839391, 0.019430859811431014, 0.16147604733592216, -0.01305297574351696, -0.01762619124947671, -0.0694862799638385, 0.05689429006524109, 0.05811299690974375, -0.01677452456948377, -0.06010764364242668, -0.10577184249215715, 0.033157337216990136, -0.0019381021369671713, 0.007711168326037994, -0.031004431163409528, -0.008366126172740525, -0.023658130310820185, -0.15326678912100977, -0.039748486759511, -0.009240653070975557, -0.08037981930927343, -0.007017848548365581, -0.05444144351879243, 0.318860701585135, -0.10985613011272781, 0.03205681570394987, 0.05300342288235557
-0.0, -0.1642524774531441, -0.08031396733844884, -0.2587458313173238, 0.15089726138455065, -0.09836427407902884, 0.05517267493705591, -0.03132892772203494, 0.25145214899614976, 0.006253462044212334, -0.11741874818929453, -0.2575029346652149, -0.005674080969425663, -0.08379759335688336, -0.12173195525341599, -0.05560492539712309, 0.20913460180585214, -0.02873647874950533, 0.46708590529351635, -0.08635381380895155, 0.004944055597541659, 0.083042498126344, -0.00801535693952233, 0.12236811967437601, -0.10859966604616203, 0.00896777794855271, -0.01927807787566497, 0.07037382273629467, 0.0757418819956191, 0.0021961251225773057, -0.04926255715121722, -0.009430935408159386, -0.07821292172072229, -0.2807604589444863, -0.02127372772676487, -0.27281986581106404, -0.033153519068403, -0.07625365068416316, 0.002079713000518601, 0.05906180588726932, 0.229460212507647, 0.020230904672031678, -0.26419003741023617, 0.0997305310593356, -0.11759033858070989, 0.018079411695516853, -0.03403049396161418, -0.07717431321223078, 0.05565194600140425, -0.035166401915941864, -0.009024447999054133
-0.0, -0.027825099696782294, -0.01963780741190335, 0.20216275322214, -0.2749677845625051, -0.0897566733841955, 0.007683759954357152, -0.1604242359733478, -0.07992744380328254, 0.1670124920706237, -0.0059756408790026545, -0.06263585367315139, -0.015259264250627569, 0.6398876800546481, -0.27490178221814393, 0.03737349342546264, -0.1415296640229083, -0.0488499294180805, 0.0649756148762934, 0.04776703110994401, -0.04467908655128097, 0.21786911410115115, 0.043607157367999326, -0.0011989724769029238, -0.05811323575382454, 0.05198005566395457, -0.03275331866908175, -0.004431634766986104, -0.11729160311090968, -0.012793873352517051, -0.02199153406027495, 0.02883702660387837, -0.15357583512078699, 0.00810393260053893, -0.10156267881174016, -0.0751184321508555, -0.17470837122270824, -0.06561631846721357, -0.0018359163752646247, 0.015425253344220046, 0.01716054971776316, 0.011262655062890687, -0.03740852605707906, 0.09802390298650562, 0.0469890205002051, 0.04591117120339049, -0.06990381462761282, -0.09269481038332152, 0.02577996668302876, -0.2603312632355629, 0.08938490307583632
-0.0, 0.037586861694821, -0.03403323974965502, -0.2444535369327734, -0.03895345567839073, -0.017349045260774833, 0.07478222141461259, -0.09412172069883191, 0.04008684958997319, 0.09609629595332661, 0.004414170835503528, 0.0742746996391222, -0.01706208677947395, -0.018865488386580965, 0.035729205602541905, -0.01863284843663426, -0.17958517393906054, -0.0328358214530321, -0.12778009704004975, -0.0030135190443666194, -0.16510676538518726, -0.06221712701374357, -0.010965535019818298, -0.07368793529548671, 0.1896030465784875, 0.09602633230055897, -0.117676612094834, 0.0623653348042538, -0.07846839392670851, -0.07733693183657805, 0.08250033619192627, 0.013414137076488674, -0.1251946122164435, 0.003274042809772949, -0.02803804182703804, -0.00751220295129414, -0.01929300599094824, 0.18898463608977453, -0.12641469117362514, -0.3552924354373955, 0.5098562463747449, -0.1817990816462609, 0.15785232236281033, -0.06363806681585553, -0.19655853536317788, -0.16138536516597604, -0.30017686225551143, -0.04505604431722528, 0.10957301258887711, -0.013099966910867646, 0.006003926433578793
-0.0, 0.045387024487403387, -0.007901033893576336, 0.045510132669917866, -0.22275358235457487, 0.07289537721559461, -0.16070380246999308, -0.10434570149208962, 0.018068779958638356, 0.11387250187047174, -0.04166920029131606, -0.08081292685271811, 0.15141951160713144, -0.26112935613635246, -0.07440960539182041, -0.03257207723228675, 0.06448327799738204, -0.0163496638724411, 0.06762186633154385, 0.1075185190485736, 0.08786641149224966, 0.1038644789037686, 0.03231548171582345, 0.029098435693370353, -0.07520230046214643, -0.36737233038866673, -0.16208808638108815, -0.06105027721114904, -0.20753999450713811, -0.09533102522966146, 0.554235128153606, 0.10413457396166652, 0.11587189339762353, -0.09029169543564804, 0.1187007683877774, -0.03026393869030479, -0.08917776832675559, -0.02207989501755598, -0.010048944038305828, -0.006607017313482494, 0.018230716766397394, -0.2046809812046654, 0.042260622729948266, 0.02821711345418299, 0.1416207654159637, -0.04936500132705797, -0.022450201178749102, 0.04865356613149549, -0.14556570773061528, -0.13422405453807743, 0.18683284906852232
-0.0, 0.024637121381678662, 0.061626999732974204, -0.09529977854200036, -0.05274347558028982, -0.08254649724227357, 0.2602876850424097, 0.059769479287270555, 0.05748914416495295, 0.09603755440760567, 0.011717843884986175, 0.1354159382682119, 0.023761423287291628, -0.09773447287047864, -0.1389561923115757, -0.020934123641015337, -0.12563695013291007, 0.1914554214522368, 0.059489972397359335, 0.058278305308746114, -0.005850908262689409, -0.041651370655157796, 0.0019026482026077754, 6.32890105488096E-4, -0.03373351857562933, -0.08533030552390683, -0.15168247135305937, 0.07605651307507547, -0.04194097534400915, -0.461012142515403, -0.029309273344150653, 0.038071480282471586, 0.1717960773436304, -0.030388119718648278, -0.056665638061412726, 0.1646860506219221, -0.04726298575608961, 0.1665920623603313, 0.22905310584997543, -0.1046765896643312, -0.09071704226858465, 0.19767202504919537, -0.0333854800934173, 0.004123134609882995, -0.21691159942600732, 0.4459458967773441, 0.09132927217614673, -0.09739411038880297, 0.03839519787275975, -0.11556480592934368, -0.010406732370573893
-0.001212614184353558, 0.16169887550688886, 0.1565072273397826, 0.09011244768657134, -0.4050653939081762, -0.005495301208439818, 0.08073436449647294, 0.3310690797058562, 0.050142895831046426, -0.38087827499411797, 0.16084643798060771, -2.779332567589849E-4, -0.05883215617213869, -0.013544020112970715, 0.04633044435578953, -0.067072069240171, 0.002429189765164084, -0.07806025614265502, 0.06359131809385477, -0.040662493923099535, -0.12086771411797663, -0.018510465338079936, 0.010231986440978332, 0.018128811276720853, -0.14721701847296603, -0.0436292482757358, 0.16063039780246147, 0.02014858440019565, 3.712072375500826E-4, 0.024046669863946858, 0.0028384908977704625, 0.06345598938760079, -0.017866573113687306, -0.09446210122880036, -0.0021313903862428176, -0.03077936803238973, 0.28982210717000134, 0.1127103698874263, -0.031857004930566715, 0.086825077966668, 0.24712044775112085, -0.12827224069986554, 0.0385019220045953, 0.015184410689089328, 0.053352428280721495, 0.033157451836822366, 0.190934852394759, -0.27825684575951953, 0.09117048144816328, -0.16210037362877677, 0.07342875433707848
0.055374528394400595, 0.015389223805761201, -0.03961986264699989, 0.06469738182088898, 0.12105747164454861, -0.03573854253606237, 0.02041262173366516, 0.03822737744389768, 0.028477149074489002, 0.0321888313085056, -0.0021965896207039324, -0.010938954588843553, -0.0026613371705578493, 0.02962766369612658, 0.00514290975955388, -0.0501339142853181, 0.02247042294058856, -0.0859834862571042, -0.03836707362809958, -0.024573247539163207, -0.04316004747225188, -0.06557885940419987, -0.028686277773788387, -0.03969144973384044, -0.07649588330464807, -0.06294772676636459, 0.007557295842601775, 0.022756336071078954, 0.015363011080300281, -0.0061077675577403245, 0.015531194758603305, 0.05783868455511773, 0.05036130636614035, 0.005692839934327355, 0.11456858707760592, 0.024654773712854582, 0.10400399532636904, -0.06763272911499299, -0.0430439784579295, -0.07818214021353859, -0.022023781437458537, 0.11974899402236897, 0.05930381522096717, 0.16252810076761512, -0.05538547688154416, -0.059218290817868065, -0.0665055716574534, -0.0225028459561113, -0.014940883699849803, -0.15065779783594369, 0.11291836796516722
0.02838312896214409, 0.046257651154140336, 0.04789061046482178, 0.0159614578426642, -0.008194696212309864, 0.05076956861295196, 0.02345427414590558, 0.04638114404533136, -0.002272445750517867, 0.024939864777624693, 0.03785000205161318, 0.04137182195099536, 0.07296892370143747, 0.023996065576805847, 0.039889492723024556, 0.014922423579008203, -0.020663394133122074, 0.052977911374846955, 0.026350286216692564, 0.010951932163136772, -0.01463767889545134, 0.026019523738370607, 0.003718249278623405, -0.027746863486824997, -0.06678685101419114, -0.0327909983060259, 0.0022373952044244466, 0.005671379395029414, -0.1091219657822213, -0.033560270577226076, -0.06098997153342115, -0.03036822000500341, 0.02607252227135909, -0.05543856853692935, 0.022812578219607197, -0.07693189896242371, -0.010145406832492912, -0.023923332713809715, -0.007290630409165165, -0.021075374822935592, -0.037464088028525785, 0.012810109568536196, -0.022810041415873134, 0.04462807300165202, -0.004204346904622961, -0.06207055252876099, -0.08939135552189857, -0.06762599231331896, -0.008517209902664793, 0.14473576456898862, -0.14126364684386117
0.04606257746889769, 0.03514011725151351, 0.058751031920217744, 0.013615273165054946, 0.01786912550058572, 0.010764512113230406, 0.009739259557362785, 0.0015917094751337541, 0.030519685490847173, -7.301431768893631E-4, 0.006399392327095187, -0.013614272912513348, -0.010834252252733972, 0.009281432381500995, 0.004557166546666943, 0.018386332488093644, 0.014709350587318915, 0.022459542188894153, 0.029350947740621445, 0.015425043131883706, 0.01585847057266541, -0.021497986523212675, -0.020157938540076612, 7.872865565028803E-4, 0.03389064911713847, 0.020315128753691708, 0.011549260968787696, -0.002157905715122931, 0.0022081413654808464, 0.01429559920874823, 0.014187885705103506, 0.008830432829329053, 0.01056136640540809, 0.02192407299140718, -0.00971772085993386, 0.008344932479519528, -0.01686964460362184, -0.011863487641307336, -0.015694617978475482, -0.020227326211265204, -0.033990078774075394, -0.03247392643261344, -0.0363298981828637, -0.04963294835687681, -0.044834936098312184, -0.023237861952136032, -0.011523062523911012, -0.040249137122522954, -0.04513042181244532, -0.04660815861779183, 0.09364450048427977
6.390040023719032E-4, -2.0520837995727034E-4, 0.001353212059975531, -0.002339467659656682, -0.0020706429250805934, -0.0026186368271551483, -0.002877593977908596, -0.0028499614951868987, -0.0016712355423893007, -9.390413674188629E-4, -3.216506778388176E-4, -0.0020131203770606585, -9.291250415054877E-4, -1.3431504399798188E-4, -3.6312576802096497E-4, -2.9008161413934786E-4, -8.312160738239646E-4, 6.709920117882261E-4, 0.0010258281613751404, -4.124473060602611E-4, -0.0011675584199034698, -8.562165702330408E-4, -9.620114766729279E-4, -5.130918560831649E-5, 0.0014780059259949245, 0.0012779812589692728, 0.00201666886566825, 0.001071014518782264, -0.0014371860471031207, 0.0012514751982427225, 7.617961000649035E-4, 0.001432141461813536, 0.0028962998534878223, 0.001467914616697515, 0.001662585619475611, -4.448643053552694E-5, 1.5354049802248666E-4, 0.0014072207925918138, 0.0017073296463979285, 6.729587429637808E-4, -4.0026756716921843E-4, 0.0022172524675805895, 4.8089861066155713E-4, 0.0019184659790296723, -8.020899630148274E-4, -4.195373877216105E-4, -1.5850024246234944E-4, -0.0016755402242890965, -5.744563738713043E-4, 0.0018534435738301596, 0.002369977126567232
